CRCode,CRName,Latitude,Longitude
NZL,New Zealand,-46.12083054,169.9694366
NZL,New Zealand,-45.87416077,170.5036163
NZL,New Zealand,-45.03023148,168.6627045
NZL,New Zealand,-44.26667023,171.1333313
NZL,New Zealand,-43.53332901,172.6333313
AUS,Australia,-41.88341904,145.3362274
CHL,Chile,-41.46984863,-72.9447403
NZL,New Zealand,-41.28664017,174.7755737
ARG,Argentina,-38.95161057,-68.05909729
AUS,Australia,-38.40000153,145.1666718
AUS,Australia,-38.33332825,144.2666626
AUS,Australia,-38.33084869,144.3263855
AUS,Australia,-38.26667023,145.8666687
AUS,Australia,-38.23476028,146.394989
AUS,Australia,-38.14710999,144.3606873
AUS,Australia,-37.81819153,145.0017548
AUS,Australia,-37.81399918,144.9633179
NZL,New Zealand,-37.78332901,175.2833252
AUS,Australia,-37.06708908,144.2168427
NZL,New Zealand,-36.8666687,174.7666626
AUS,Australia,-36.38047028,145.3986664
AUS,Australia,-36.36565018,148.826767
CHL,Chile,-35.43333054,-71.66667175
AUS,Australia,-35.35493088,149.2319946
AUS,Australia,-35.1853714,143.3508148
AUS,Australia,-35.12577057,147.3537445
AUS,Australia,-34.92866135,138.5986328
ARG,Argentina,-34.92145157,-57.95452881
ARG,Argentina,-34.8956604,-60.01667023
URY,Uruguay,-34.83346176,-56.16735077
ARG,Argentina,-34.66666794,-58.66666794
ARG,Argentina,-34.61315155,-58.3772316
ARG,Argentina,-34.58332825,-58.3833313
AUS,Australia,-34.42399979,150.8934479
AUS,Australia,-34.18550873,142.1625061
ZAF,South Africa,-34.08333206,18.85000038
ZAF,South Africa,-34.05064011,24.91950035
ZAF,South Africa,-34.03627014,23.04713059
ZAF,South Africa,-33.9346199,18.86676025
ZAF,South Africa,-33.92583847,18.42321968
ZAF,South Africa,-33.91799164,25.57007027
AUS,Australia,-33.86785126,151.2073212
ZAF,South Africa,-33.64651108,19.44852066
ZAF,South Africa,-33.59067154,22.20140076
ZAF,South Africa,-33.46080017,18.72714043
CHL,Chile,-33.42628098,-70.56655884
ZAF,South Africa,-33.30421829,26.53276062
ZAF,South Africa,-33.01166916,17.94420052
ARG,Argentina,-32.94681931,-60.63932037
ARG,Argentina,-32.89083862,-68.82717133
AUS,Australia,-31.95223999,115.8613968
AUS,Australia,-31.0904808,150.9290466
ZAF,South Africa,-30.86359978,30.37051964
ZAF,South Africa,-30.74136925,30.45499039
AUS,Australia,-30.38332939,153.0666656
ARG,Argentina,-30.21328926,-61.87596893
AUS,Australia,-30.11058044,153.2006683
BRA,Brazil,-30.03306007,-51.22999954
ZAF,South Africa,-29.85790062,31.0291996
BRA,Brazil,-29.68416977,-53.80693817
ZAF,South Africa,-29.66433907,17.88649941
ZAF,South Africa,-29.61677933,30.3927803
LSO,Lesotho,-29.31666946,27.48332977
ZAF,South Africa,-29.12105942,26.2140007
ZAF,South Africa,-28.88648033,31.46990013
ZAF,South Africa,-28.76197052,31.89328957
ZAF,South Africa,-28.73225975,24.76231957
BRA,Brazil,-28.48250008,-48.78083038
AUS,Australia,-28.30042076,153.5706329
AUS,Australia,-28.03333092,152.9333344
AUS,Australia,-28.00028992,153.4308777
ZAF,South Africa,-27.98644066,26.70660973
BRA,Brazil,-27.87083054,-54.48139191
ZAF,South Africa,-27.76951981,30.79165077
ZAF,South Africa,-27.75795937,29.93180084
ZAF,South Africa,-27.69569016,23.0492897
BRA,Brazil,-27.59667015,-48.54917145
BRA,Brazil,-27.58612061,-48.52334976
AUS,Australia,-27.48855019,153.0365448
ARG,Argentina,-27.48060036,-58.83409882
AUS,Australia,-27.46793938,153.0280914
ARG,Argentina,-27.36708069,-55.89608002
BRA,Brazil,-27.34361076,-51.61193848
PRY,Paraguay,-27.33333015,-55.90000153
ZAF,South Africa,-27.19739914,25.98311043
ZAF,South Africa,-27.18870926,25.32930946
ZAF,South Africa,-26.93366051,29.24151993
BRA,Brazil,-26.91943932,-49.0661087
BRA,Brazil,-26.89888954,-48.65417099
ZAF,South Africa,-26.81357956,27.81694984
PRY,Paraguay,-26.78333092,-56.93333054
ZAF,South Africa,-26.71666908,27.10000038
ZAF,South Africa,-26.71170998,27.83794975
ZAF,South Africa,-26.54999924,29.16666985
ZAF,South Africa,-26.53333092,29.98332977
ZAF,South Africa,-26.50476074,28.35920906
ZAF,South Africa,-26.43137932,28.47713089
ZAF,South Africa,-26.26722145,28.12194443
ZAF,South Africa,-26.20227051,28.0436306
ZAF,South Africa,-26.16250038,27.87249947
ZAF,South Africa,-26.05447006,28.05891037
MOZ,Mozambique,-25.96528053,32.58916855
ZAF,South Africa,-25.9636097,28.13777924
ZAF,South Africa,-25.85890961,28.18577004
PRY,Paraguay,-25.78333092,-55.06666946
ZAF,South Africa,-25.77507019,29.46482086
PRY,Paraguay,-25.75,-56.43333054
ZAF,South Africa,-25.7448597,28.18782997
PRY,Paraguay,-25.64999962,-54.70000076
ZAF,South Africa,-25.63472939,27.78022003
ZAF,South Africa,-25.61692047,27.99471092
BRA,Brazil,-25.54777908,-54.58805847
PRY,Paraguay,-25.51666641,-54.6166687
ZAF,South Africa,-25.47447968,30.97032929
BRA,Brazil,-25.42778015,-49.27305985
BRA,Brazil,-25.34806061,-54.23778153
PRY,Paraguay,-25.31666946,-57.59999847
PRY,Paraguay,-25.30065918,-57.63591003
PRY,Paraguay,-25.26667023,-57.66667175
ZAF,South Africa,-25.0977993,30.45966911
BRA,Brazil,-24.79888916,-53.30667114
ARG,Argentina,-24.78590012,-65.41165924
ZAF,South Africa,-24.7245903,31.19939041
BRA,Brazil,-24.7136097,-53.74306107
ZAF,South Africa,-24.70000076,28.39999962
BWA,Botswana,-24.62693977,25.86556053
ZAF,South Africa,-24.59165001,27.41155052
PRY,Paraguay,-24.51667023,-55.70000076
AUS,Australia,-24.41666985,150.5
PRY,Paraguay,-24.10000038,-57.08332825
BRA,Brazil,-24.09305954,-46.62083054
PRY,Paraguay,-24.04999924,-54.34999847
BRA,Brazil,-23.96083069,-46.33361054
ZAF,South Africa,-23.90447998,29.46884918
ZAF,South Africa,-23.83321953,30.16350937
AUS,Australia,-23.69747925,133.8836212
BRA,Brazil,-23.66333008,-52.60499954
CHL,Chile,-23.64999962,-70.40000153
BRA,Brazil,-23.60388947,-46.91917038
BRA,Brazil,-23.54750061,-46.6361084
BRA,Brazil,-23.42527962,-51.93861008
BRA,Brazil,-23.41666985,-54.65000153
BRA,Brazil,-23.31027985,-51.16278076
BRA,Brazil,-23.09860992,-48.92583084
BRA,Brazil,-22.92305946,-53.13721848
BRA,Brazil,-22.90555954,-47.06082916
BRA,Brazil,-22.90278053,-43.20750046
BRA,Brazil,-22.88582993,-48.4449997
BRA,Brazil,-22.85222054,-43.77528
BRA,Brazil,-22.59860992,-48.80028153
BRA,Brazil,-22.55417061,-45.77999878
BRA,Brazil,-22.52693939,-41.9449997
BRA,Brazil,-22.46888924,-44.44667053
CHL,Chile,-22.46666908,-68.93332672
BRA,Brazil,-22.37083054,-41.78694153
PRY,Paraguay,-22.35000038,-60.03332901
BRA,Brazil,-22.22916985,-50.89305878
PRY,Paraguay,-22.13332939,-56.51667023
BRA,Brazil,-21.79443932,-48.17556
BRA,Brazil,-21.66917038,-42.07611084
BRA,Brazil,-21.46805954,-49.22082901
BRA,Brazil,-21.38916969,-42.69667053
BRA,Brazil,-21.20889092,-50.43278122
BRA,Brazil,-21.17749977,-47.81027985
BRA,Brazil,-21.13777924,-48.97277832
BRA,Brazil,-20.97193909,-46.11888886
BRA,Brazil,-20.86360931,-46.38806152
BRA,Brazil,-20.81971932,-49.37944031
BRA,Brazil,-20.75111008,-51.67832947
BRA,Brazil,-20.73722076,-48.91471863
BRA,Brazil,-20.58139038,-47.85472107
BRA,Brazil,-20.55722046,-48.56777954
BRA,Brazil,-20.53861046,-47.40082932
BRA,Brazil,-20.4477787,-52.8777771
BRA,Brazil,-20.32971954,-40.29249954
MUS,Mauritius,-20.18972015,57.71443939
MUS,Mauritius,-20.16193962,57.49888992
BRA,Brazil,-20.13888931,-44.88388825
BRA,Brazil,-20.02471924,-48.94055939
BRA,Brazil,-19.92082977,-43.93777847
BRA,Brazil,-19.61916924,-43.22694016
BRA,Brazil,-19.59333038,-46.94055939
BRA,Brazil,-19.39110947,-40.07221985
AUS,Australia,-19.26638985,146.8056946
BRA,Brazil,-18.91860962,-48.27722168
BRA,Brazil,-18.77499962,-42.93249893
ZWE,Zimbabwe,-17.82934952,31.05389023
BOL,Bolivia,-17.79999924,-63.16667175
BRA,Brazil,-17.56944084,-52.55110931
PYF,French Polynesia,-17.53333092,-149.5666656
BRA,Brazil,-16.67860985,-49.25389099
BOL,Bolivia,-16.5,-68.15000153
BRA,Brazil,-16.32666969,-48.95278168
BRA,Brazil,-16.25250053,-47.95027924
MWI,Malawi,-15.78499031,35.00854111
BRA,Brazil,-15.77972031,-47.92972183
BRA,Brazil,-15.56305981,-39.30250168
BRA,Brazil,-15.56221962,-49.9486084
PER,Peru,-15.21193981,-75.1102829
AGO,Angola,-14.91716957,13.49250031
MWI,Malawi,-13.9669199,33.78725052
BRA,Brazil,-13.26805973,-39.66278076
BRA,Brazil,-13.03028011,-39.60472107
BRA,Brazil,-12.97111034,-38.51082993
AGO,Angola,-12.7761097,15.73917007
PER,Peru,-12.04333305,-77.02833557
BRA,Brazil,-10.91110992,-37.07167053
BRA,Brazil,-10.21278,-48.36027908
BRA,Brazil,-9.665829659,-35.73527908
AGO,Angola,-9.540149689,16.34095955
BRA,Brazil,-8.875559807,-36.3666687
AGO,Angola,-8.836819649,13.23431969
BRA,Brazil,-8.761940002,-63.9038887
IDN,Indonesia,-8.49600029,118.5407028
IDN,Indonesia,-8.469099998,122.7070007
IDN,Indonesia,-8.286999702,112.3952026
IDN,Indonesia,-8.136699677,115.0653
IDN,Indonesia,-8.065699577,111.9024963
BRA,Brazil,-8.053890228,-34.88111115
IDN,Indonesia,-7.979700089,112.6304016
IDN,Indonesia,-7.816669941,112.0166702
IDN,Indonesia,-7.78278017,110.3608322
IDN,Indonesia,-7.705560207,109.0308304
IDN,Indonesia,-7.689199924,108.6572037
IDN,Indonesia,-7.556109905,110.8316727
IDN,Indonesia,-7.399300098,108.2606964
IDN,Indonesia,-7.327400208,108.2207031
IDN,Indonesia,-7.249169827,112.7508316
IDN,Indonesia,-7.21239996,107.9049988
IDN,Indonesia,-7.134399891,106.6978989
IDN,Indonesia,-7.127699852,108.5282974
IDN,Indonesia,-7.102600098,107.7640991
IDN,Indonesia,-7.098100185,109.3243027
IDN,Indonesia,-6.993199825,110.4203033
IDN,Indonesia,-6.970829964,107.5674973
IDN,Indonesia,-6.93888998,107.7527771
IDN,Indonesia,-6.937699795,111.259697
BRA,Brazil,-6.872220039,-36.91860962
IDN,Indonesia,-6.869400024,109.1401978
IDN,Indonesia,-6.805699825,110.9262009
IDN,Indonesia,-6.804800034,110.8404999
IDN,Indonesia,-6.710999966,108.5037003
IDN,Indonesia,-6.697800159,110.710701
IDN,Indonesia,-6.645279884,108.4102783
IDN,Indonesia,-6.556940079,107.4433289
IDN,Indonesia,-6.47300005,105.8781967
IDN,Indonesia,-6.32638979,108.3199997
IDN,Indonesia,-6.234899998,106.9896011
IDN,Indonesia,-6.214620113,106.8451309
IDN,Indonesia,-6.178306103,106.6318893
IDN,Indonesia,-6.17027998,106.5302811
IDN,Indonesia,-5.957139969,106.0726624
BRA,Brazil,-5.795000076,-35.20943832
IDN,Indonesia,-5.425439835,105.2580338
BRA,Brazil,-5.1875,-37.34416962
IDN,Indonesia,-5.133259773,105.4359512
SYC,Seychelles,-4.616670132,55.45000076
IDN,Indonesia,-4.550000191,136.8899994
COD,"Congo, Dem. Rep.",-4.324590206,15.32145977
BRA,Brazil,-3.717220068,-38.5430603
IDN,Indonesia,-3.466670036,102.5333328
IDN,Indonesia,-3.416670084,114.8499985
BRA,Brazil,-3.101939917,-60.02500153
IDN,Indonesia,-2.533329964,112.9499969
BRA,Brazil,-2.529720068,-44.30278015
IDN,Indonesia,-2.417730093,115.2494125
ECU,Ecuador,-2.166670084,-79.90000153
IDN,Indonesia,-1.600000024,103.6166687
BRA,Brazil,-1.455829978,-48.50444031
IDN,Indonesia,-1.267529964,116.8288727
IDN,Indonesia,-0.949240029,100.3542709
ECU,Ecuador,-0.716669977,-77.1333313
ECU,Ecuador,-0.229849994,-78.52494812
IDN,Indonesia,-0.033330001,109.3333282
IDN,Indonesia,1.083333015,104.0333328
SGP,Singapore,1.289669991,103.8500671
MYS,Malaysia,1.465499997,103.7577972
MYS,Malaysia,1.472599983,103.8779984
MYS,Malaysia,1.486600041,103.3896027
MYS,Malaysia,1.50999999,103.5140991
MYS,Malaysia,1.533329964,103.6666718
MYS,Malaysia,1.549999952,110.3333282
IDN,Indonesia,1.683330059,101.4499969
MYS,Malaysia,1.738100052,103.8999023
IDN,Indonesia,1.742699981,98.77919769
MYS,Malaysia,1.827800035,103.3000031
MYS,Malaysia,1.854799986,102.9325027
MYS,Malaysia,1.868100047,103.1123962
MYS,Malaysia,2.013600111,103.0659027
MYS,Malaysia,2.016669989,112.9333267
MYS,Malaysia,2.025099993,103.3328018
MYS,Malaysia,2.044100046,102.6527023
MYS,Malaysia,2.044199944,102.5689011
IDN,Indonesia,2.099999905,99.83332825
MYS,Malaysia,2.116669893,111.5166702
MYS,Malaysia,2.205692053,102.256134
MYS,Malaysia,2.267299891,102.5453033
MYS,Malaysia,2.299999952,111.8166733
MYS,Malaysia,2.349999905,102.1166687
MYS,Malaysia,2.380399942,102.2089005
MYS,Malaysia,2.431200027,103.8404999
MYS,Malaysia,2.454999924,102.2329025
MYS,Malaysia,2.470099926,102.2302017
MYS,Malaysia,2.514800072,102.8158035
MYS,Malaysia,2.522799969,101.7958984
MYS,Malaysia,2.553600073,102.7639999
MYS,Malaysia,2.650000095,101.6999969
MYS,Malaysia,2.729700089,101.9381027
MYS,Malaysia,2.738899946,102.248703
MYS,Malaysia,2.803299904,101.7972031
MYS,Malaysia,2.807899952,102.4048996
BRA,Brazil,2.81972003,-60.6733284
MYS,Malaysia,2.93333292,102.0833359
MYS,Malaysia,2.935270071,101.6911163
IDN,Indonesia,2.984499931,99.61579895
MYS,Malaysia,3.013086081,101.6138077
MYS,Malaysia,3.033329964,101.4499969
MYS,Malaysia,3.043900967,101.5806503
MYS,Malaysia,3.085069895,101.5328064
MYS,Malaysia,3.107259989,101.6067123
MYS,Malaysia,3.141200066,101.6865311
MYS,Malaysia,3.150000095,101.5333328
MYS,Malaysia,3.158799887,101.7574463
MYS,Malaysia,3.166670084,113.0333328
COL,Colombia,3.220380068,-76.3138504
MYS,Malaysia,3.349999905,101.8166733
MYS,Malaysia,3.424200058,101.1848984
COL,Colombia,3.437220097,-76.52249908
MYS,Malaysia,3.450599909,102.4176025
MYS,Malaysia,3.483599901,103.3995972
MYS,Malaysia,3.516669989,101.9000015
IDN,Indonesia,3.583329916,98.66667175
IDN,Indonesia,3.60010004,98.48539734
MYS,Malaysia,3.674599886,100.986702
MYS,Malaysia,3.68333292,101.5166702
MYS,Malaysia,3.769799948,100.9878998
MYS,Malaysia,3.789900064,101.8570023
MYS,Malaysia,3.807699919,103.3259964
CMR,Cameroon,3.866669893,11.51667023
COL,Colombia,3.880429983,-73.76566315
MYS,Malaysia,3.936000109,102.3626022
MYS,Malaysia,4.025899887,101.0213013
IDN,Indonesia,4.136300087,96.12850189
COL,Colombia,4.142000198,-73.62664032
MYS,Malaysia,4.166669846,101.1999969
MYS,Malaysia,4.18419981,102.0467987
MYS,Malaysia,4.216667175,100.6999969
MYS,Malaysia,4.232299805,100.6297989
MYS,Malaysia,4.249800205,117.8871002
MYS,Malaysia,4.25,103.4166718
MYS,Malaysia,4.414800167,114.0089035
NGA,Nigeria,4.452199936,7.168079853
MYS,Malaysia,4.481780052,118.6111832
MYS,Malaysia,4.514100075,103.4483032
COL,Colombia,4.533889771,-75.68110657
BRN,Brunei Darussalam,4.583330154,114.1833267
MYS,Malaysia,4.58409977,101.082901
VEN,"Venezuela, RB",4.602177143,-61.1112442
COL,Colombia,4.609710217,-74.08174896
MYS,Malaysia,4.63740015,103.4367981
MYS,Malaysia,4.766670227,100.9333267
NGA,Nigeria,4.777420044,7.013400078
MYS,Malaysia,4.783332825,103.4333344
COL,Colombia,4.809380054,-74.09799957
COL,Colombia,4.813330173,-75.69611359
MYS,Malaysia,4.849999905,100.7333298
BRN,Brunei Darussalam,4.940289974,114.9480591
MYS,Malaysia,5.010799885,100.541008
MYS,Malaysia,5.026800156,118.3270035
MYS,Malaysia,5.165860176,100.4779282
MYS,Malaysia,5.205599785,103.2059021
MYS,Malaysia,5.280272007,115.2473145
MYS,Malaysia,5.283332825,100.2666702
CIV,Cote d'Ivoire,5.309430122,-4.019720078
MYS,Malaysia,5.312009811,100.4422913
MYS,Malaysia,5.330200195,103.1408005
MYS,Malaysia,5.337800026,116.160202
MYS,Malaysia,5.347300053,115.7454987
MYS,Malaysia,5.364990234,100.5617676
MYS,Malaysia,5.411230087,100.3354263
MYS,Malaysia,5.460609913,100.3074188
MYS,Malaysia,5.480319977,100.4984894
GHA,Ghana,5.556019783,-0.196899995
IDN,Indonesia,5.557700157,95.32219696
MYS,Malaysia,5.646999836,100.4877167
VEN,"Venezuela, RB",5.663889885,-67.62361145
MYS,Malaysia,5.733329773,115.9333267
MYS,Malaysia,5.73360014,102.4897003
MYS,Malaysia,5.800000191,102.1500015
MYS,Malaysia,5.817170143,100.4738083
MYS,Malaysia,5.82310009,116.0466003
NGA,Nigeria,5.835229874,7.359889984
MYS,Malaysia,5.840199947,118.117897
SUR,Suriname,5.866380215,-55.16682053
MYS,Malaysia,5.871329784,102.2317734
MYS,Malaysia,5.974899769,116.072403
MYS,Malaysia,6.033329964,102.2833328
MYS,Malaysia,6.049339771,102.1398697
MYS,Malaysia,6.121039867,100.3601379
MYS,Malaysia,6.1332798,102.2386017
MYS,Malaysia,6.155232906,100.5341187
MYS,Malaysia,6.197760105,102.1709824
NGA,Nigeria,6.200640202,6.733839989
COL,Colombia,6.251840115,-75.563591
MYS,Malaysia,6.268119812,100.421669
LBR,Liberia,6.30053997,-10.7968998
MYS,Malaysia,6.326489925,99.84320068
MYS,Malaysia,6.349999905,99.80000305
THA,Thailand,6.426390171,101.823082
NGA,Nigeria,6.440199852,7.494299889
MYS,Malaysia,6.441400051,100.1986237
NGA,Nigeria,6.45306015,3.395829916
THA,Thailand,6.741919994,100.691391
LKA,Sri Lanka,6.931940079,79.84777832
THA,Thailand,7.008359909,100.4766769
COL,Colombia,7.125390053,-73.11979675
THA,Thailand,7.172279835,99.6863327
THA,Thailand,7.198820114,100.5951004
THA,Thailand,7.556330204,99.61141205
VEN,"Venezuela, RB",7.701310158,-72.35569
VEN,"Venezuela, RB",7.766940117,-72.22499847
THA,Thailand,7.789330006,99.63478088
VEN,"Venezuela, RB",7.814539909,-72.44309998
COL,Colombia,7.883329868,-72.50527954
VEN,"Venezuela, RB",7.887819767,-67.4723587
THA,Thailand,7.890590191,98.39810181
THA,Thailand,7.9375,99.1445694
THA,Thailand,7.974669933,99.63352966
VEN,"Venezuela, RB",8.008609772,-62.39889145
VEN,"Venezuela, RB",8.03125,-72.26052856
THA,Thailand,8.031700134,98.33408356
THA,Thailand,8.045800209,98.81034851
THA,Thailand,8.07227993,99.29225159
THA,Thailand,8.072569847,98.91052246
VEN,"Venezuela, RB",8.129229546,-63.54085922
THA,Thailand,8.169360161,100.1446991
VEN,"Venezuela, RB",8.220270157,-72.24389648
VEN,"Venezuela, RB",8.351220131,-62.64102173
PAN,Panama,8.383330345,-80.16667175
VEN,"Venezuela, RB",8.416669846,-71.1333313
THA,Thailand,8.433329582,99.96666718
THA,Thailand,8.450900078,98.52984619
IND,India,8.483329773,76.91667175
VEN,"Venezuela, RB",8.593099594,-70.22609711
VEN,"Venezuela, RB",8.595239639,-71.1434021
VEN,"Venezuela, RB",8.613659859,-71.65283966
ETH,Ethiopia,8.75,38.98332977
VEN,"Venezuela, RB",8.762220383,-70.41110992
VEN,"Venezuela, RB",8.887519836,-64.24543762
VEN,"Venezuela, RB",8.924160004,-67.42929077
PAN,Panama,8.993599892,-79.51972961
VEN,"Venezuela, RB",9.000029564,-71.91352081
ETH,Ethiopia,9.024970055,38.74689102
THA,Thailand,9.030200005,98.95285797
VEN,"Venezuela, RB",9.041830063,-69.7420578
NGA,Nigeria,9.057350159,7.489759922
VEN,"Venezuela, RB",9.06221962,-62.05102158
THA,Thailand,9.140110016,99.333107
NGA,Nigeria,9.199999809,12.48332977
VEN,"Venezuela, RB",9.215539932,-66.00733948
VEN,"Venezuela, RB",9.317779541,-70.60360718
VEN,"Venezuela, RB",9.332779884,-69.12082672
VEN,"Venezuela, RB",9.350290298,-65.3245163
VEN,"Venezuela, RB",9.370840073,-70.4347229
THA,Thailand,9.386240005,99.1986084
CRI,Costa Rica,9.423569679,-84.16522217
VEN,"Venezuela, RB",9.438890457,-64.47277832
THA,Thailand,9.53567028,99.93566895
VEN,"Venezuela, RB",9.554510117,-69.19564056
VEN,"Venezuela, RB",9.560090065,-69.2147522
VEN,"Venezuela, RB",9.661239624,-68.58267975
VEN,"Venezuela, RB",9.75,-63.17667007
VEN,"Venezuela, RB",9.787340164,-69.79370117
VEN,"Venezuela, RB",9.860050201,-66.38139343
VEN,"Venezuela, RB",9.911520004,-67.35381317
VEN,"Venezuela, RB",9.918609619,-68.30471802
VEN,"Venezuela, RB",9.928660393,-69.62010193
CRI,Costa Rica,9.933329582,-84.08332825
IND,India,9.933329582,78.1166687
VNM,Vietnam,9.934720039,106.3452835
IND,India,9.979999542,76.27999878
CRI,Costa Rica,10,-84.1166687
CRI,Costa Rica,10.01667023,-84.21666718
VNM,Vietnam,10.01667023,105.0833282
CRI,Costa Rica,10.02917957,-84.27404022
VNM,Vietnam,10.03332996,105.7833328
VEN,"Venezuela, RB",10.03862953,-67.48937988
VEN,"Venezuela, RB",10.06443977,-72.54499817
VEN,"Venezuela, RB",10.07388973,-69.32277679
PHL,Philippines,10.07954979,124.3432388
VEN,"Venezuela, RB",10.07999992,-69.12610626
CRI,Costa Rica,10.08802033,-84.47022247
CRI,Costa Rica,10.10247994,-84.31694031
VEN,"Venezuela, RB",10.13008022,-71.25946045
VEN,"Venezuela, RB",10.15526009,-68.56629944
VEN,"Venezuela, RB",10.16028023,-68.89499664
VEN,"Venezuela, RB",10.16201973,-68.00765228
VEN,"Venezuela, RB",10.17553997,-70.08274078
VEN,"Venezuela, RB",10.21667004,-64.6166687
VEN,"Venezuela, RB",10.21844006,-67.33016968
VEN,"Venezuela, RB",10.22387981,-67.4728775
VEN,"Venezuela, RB",10.24246979,-66.85723114
VEN,"Venezuela, RB",10.24693966,-67.59583283
VNM,Vietnam,10.25,105.9666672
VEN,"Venezuela, RB",10.25236988,-67.1847229
CRI,Costa Rica,10.2809,-84.9595108
TTO,Trinidad and Tobago,10.28332996,-61.46667099
TTO,Trinidad and Tobago,10.30000019,-61.18333054
VEN,"Venezuela, RB",10.31443882,-72.32474518
PHL,Philippines,10.31672001,123.8907089
IND,India,10.33333015,76.23332977
VEN,"Venezuela, RB",10.33990955,-68.74246979
VNM,Vietnam,10.35000038,106.3499985
VEN,"Venezuela, RB",10.38827992,-71.43991852
COL,Colombia,10.39972019,-75.51444244
VEN,"Venezuela, RB",10.46354008,-64.17749786
VEN,"Venezuela, RB",10.48801041,-66.87918854
VEN,"Venezuela, RB",10.49598026,-66.85346985
THA,Thailand,10.5,99.16667175
PHL,Philippines,10.52083015,124.0272217
VEN,"Venezuela, RB",10.53806019,-71.51693726
TTO,Trinidad and Tobago,10.58333015,-61.1166687
VEN,"Venezuela, RB",10.60383034,-67.0303421
VEN,"Venezuela, RB",10.61118984,-66.85214996
KHM,Cambodia,10.61666966,104.1833267
VNM,Vietnam,10.61666966,106.6666718
PHL,Philippines,10.63111019,122.9788895
VEN,"Venezuela, RB",10.63167,-71.64055634
TTO,Trinidad and Tobago,10.63333035,-61.3833313
TTO,Trinidad and Tobago,10.63333035,-61.33332825
TTO,Trinidad and Tobago,10.63333035,-61.28332901
TTO,Trinidad and Tobago,10.66617012,-61.51657105
TTO,Trinidad and Tobago,10.66666985,-61.53332901
PHL,Philippines,10.66666985,122.9499969
VEN,"Venezuela, RB",10.66781044,-63.25849152
VNM,Vietnam,10.75,106.6666718
VEN,"Venezuela, RB",10.79059982,-68.32576752
IND,India,10.81667042,78.68332672
VEN,"Venezuela, RB",10.93330002,-68.27716065
VNM,Vietnam,10.93332958,108.0999985
VNM,Vietnam,10.94999981,106.8166733
VEN,"Venezuela, RB",10.95796013,-63.84906006
COL,Colombia,10.96389008,-74.79638672
VNM,Vietnam,10.96667004,106.6500015
VEN,"Venezuela, RB",11.03332996,-63.86278153
VEN,"Venezuela, RB",11.08333015,-63.95000076
VNM,Vietnam,11.28332996,106.1333313
VEN,"Venezuela, RB",11.40450001,-69.67343903
THA,Thailand,11.49964047,99.62169647
VNM,Vietnam,11.53332996,106.9166718
PHL,Philippines,11.60805988,125.4319382
VEN,"Venezuela, RB",11.69559956,-70.1995697
THA,Thailand,11.77643967,102.8856735
VNM,Vietnam,11.83329964,107.9670029
VNM,Vietnam,11.91479969,107.4000015
IND,India,11.93000031,79.83000183
VNM,Vietnam,11.94645977,108.4419327
CUW,Curacao,12.10840035,-68.93354034
NIC,Nicaragua,12.13282013,-86.25039673
VNM,Vietnam,12.25,109.1833267
IND,India,12.30722046,76.64971924
THA,Thailand,12.38465977,99.90982819
ABW,Aruba,12.52398014,-70.02703095
PHL,Philippines,12.54920006,123.7335968
THA,Thailand,12.5706501,99.95876312
THA,Thailand,12.62137032,102.0047989
THA,Thailand,12.66644001,100.9007263
THA,Thailand,12.68095017,101.2579803
IND,India,12.86666966,74.8833313
THA,Thailand,12.90742016,99.64794922
THA,Thailand,12.93332958,100.8833313
IND,India,12.97622967,77.60328674
BRB,Barbados,13.06667042,-59.53332901
THA,Thailand,13.07147026,101.0031433
IND,India,13.08784008,80.2784729
THA,Thailand,13.11188984,99.94467163
THA,Thailand,13.20468044,99.97958374
THA,Thailand,13.24024963,99.82427979
BRB,Barbados,13.25,-59.65000153
THA,Thailand,13.36219978,100.9834518
THA,Thailand,13.37263012,99.83937836
THA,Thailand,13.41456032,100.0026398
THA,Thailand,13.51823998,99.95468903
THA,Thailand,13.53670979,99.81712341
THA,Thailand,13.54753017,100.2736206
THA,Thailand,13.58333015,100.8166733
THA,Thailand,13.59072018,100.1074829
THA,Thailand,13.65330029,100.2597198
THA,Thailand,13.65853977,100.5336227
SLV,El Salvador,13.68935013,-89.18717957
THA,Thailand,13.6923399,99.8496933
THA,Thailand,13.72698021,100.2152634
THA,Thailand,13.75,100.5166702
THA,Thailand,13.80200005,100.3211136
THA,Thailand,13.8162899,99.877388
THA,Thailand,13.81960011,100.0442734
THA,Thailand,13.84340954,100.3625107
THA,Thailand,13.84739018,101.0530624
THA,Thailand,13.8607502,100.5147705
THA,Thailand,13.92068005,100.6455231
THA,Thailand,13.92080975,99.76553345
THA,Thailand,13.96597004,101.513031
THA,Thailand,13.9773798,100.7777634
THA,Thailand,13.97914982,100.312088
SLV,El Salvador,13.99417019,-89.5597229
THA,Thailand,13.99769974,99.99214935
THA,Thailand,13.99903965,100.5496216
THA,Thailand,14.00411987,99.54831696
THA,Thailand,14.03728008,100.4048615
THA,Thailand,14.06441975,101.5150299
THA,Thailand,14.06466961,100.6457825
HND,Honduras,14.08180046,-87.20681
THA,Thailand,14.13477993,100.8250275
THA,Thailand,14.2046299,101.2129517
THA,Thailand,14.22727966,100.5787888
THA,Thailand,14.34062004,100.8673325
THA,Thailand,14.36277962,100.6720276
PHL,Philippines,14.38333321,121.0500031
IND,India,14.43332958,79.96666718
THA,Thailand,14.4491396,100.7283325
PHL,Philippines,14.52429962,121.0792007
PHL,Philippines,14.55027008,121.032692
PHL,Philippines,14.58320046,121.0409012
THA,Thailand,14.5838604,104.9248123
THA,Thailand,14.58839035,100.4528275
PHL,Philippines,14.60000038,120.9832993
THA,Thailand,14.61149979,100.9082489
GTM,Guatemala,14.64072037,-90.51326752
THA,Thailand,14.64680958,100.5761719
PHL,Philippines,14.84193993,120.8116684
MEX,Mexico,14.89999962,-92.28333283
THA,Thailand,14.90598011,105.0783615
IND,India,14.91666985,79.98332977
THA,Thailand,14.97066021,102.1019592
THA,Thailand,14.98122025,100.0147018
THA,Thailand,15.04428005,100.5368118
LAO,Lao PDR,15.11666966,105.7833328
PHL,Philippines,15.14999962,120.5833282
THA,Thailand,15.22482967,104.85289
HND,Honduras,15.25,-88.56667328
PHL,Philippines,15.30720043,120.9464035
IND,India,15.35000038,75.16667175
PHL,Philippines,15.48888969,120.5986099
THA,Thailand,15.51630974,103.1936722
THA,Thailand,15.53320026,102.7228317
SDN,Sudan,15.55177021,32.53240967
THA,Thailand,15.65557957,103.5836105
THA,Thailand,15.67782974,104.1102524
THA,Thailand,15.70471954,100.1371689
MEX,Mexico,15.73332977,-96.46666718
THA,Thailand,15.79407978,104.1451035
PHL,Philippines,15.8572197,120.5999985
VNM,Vietnam,15.87944031,108.3349991
THA,Thailand,15.89151955,100.3079529
VNM,Vietnam,16.06777954,108.2208328
PHL,Philippines,16.0699997,120.4024963
MEX,Mexico,16.25,-92.1333313
THA,Thailand,16.44671059,102.8330002
VNM,Vietnam,16.46666908,107.5999985
THA,Thailand,16.49333,102.4333878
THA,Thailand,16.57764053,104.4195633
THA,Thailand,16.70228005,102.8556976
THA,Thailand,16.70462036,103.7493362
MEX,Mexico,16.75,-92.6333313
MMR,Myanmar,16.80528069,96.15611267
THA,Thailand,16.82481003,100.2585831
MEX,Mexico,16.86335945,-99.89009857
SAU,Saudi Arabia,16.88916969,42.55110931
THA,Thailand,17.05157089,104.6770935
SAU,Saudi Arabia,17.14949989,42.62537003
THA,Thailand,17.16115952,104.1472473
THA,Thailand,17.32444,102.0783005
THA,Thailand,17.36083031,103.1053314
IND,India,17.37528038,78.47444153
THA,Thailand,17.4156704,102.7858887
THA,Thailand,17.42569923,102.5669174
SAU,Saudi Arabia,17.49239922,44.12765884
MEX,Mexico,17.54999924,-99.5
THA,Thailand,17.6255703,100.0942078
THA,Thailand,17.67543984,102.7507019
THA,Thailand,17.68741989,102.4725571
MEX,Mexico,17.79999924,-97.76667023
MEX,Mexico,17.95000076,-94.91667175
THA,Thailand,17.96507072,104.2153397
LAO,Lao PDR,17.96666908,102.5999985
MEX,Mexico,17.98332977,-92.91667175
THA,Thailand,17.99283028,100.8794403
JAM,Jamaica,17.99702072,-76.7935791
MEX,Mexico,18,-94.65000153
PRI,Puerto Rico,18.01107979,-66.61405945
PRI,Puerto Rico,18.05635071,-66.72155762
MEX,Mexico,18.14999962,-94.41667175
PRI,Puerto Rico,18.18939972,-65.96099854
SAU,Saudi Arabia,18.21639061,42.50527954
PRI,Puerto Rico,18.23411942,-66.04850006
CHN,China,18.24305916,109.5049973
MEX,Mexico,18.28333092,-100.2666702
THA,Thailand,18.29232025,99.49276733
SAU,Saudi Arabia,18.30639076,42.72917175
PRI,Puerto Rico,18.32579041,-65.6523819
VNM,Vietnam,18.33333015,105.9000015
PRI,Puerto Rico,18.35745049,-66.11100006
DOM,Dominican Republic,18.41666985,-70.09999847
JAM,Jamaica,18.45961952,-77.33570099
THA,Thailand,18.46455956,99.14025879
PRI,Puerto Rico,18.46632958,-66.10572052
JAM,Jamaica,18.47116089,-77.91883087
THA,Thailand,18.49925995,98.36493683
DOM,Dominican Republic,18.50012016,-69.98857117
IND,India,18.5195694,73.85534668
CHN,China,18.52215958,110.0410614
IND,India,18.53333092,73.1333313
MEX,Mexico,18.56666946,-100.7833328
THA,Thailand,18.5805397,99.00744629
VNM,Vietnam,18.66666985,105.6666718
CHN,China,18.74931908,109.1717224
THA,Thailand,18.79038048,98.98468018
IND,India,18.81666946,82.71666718
MMR,Myanmar,18.81666946,95.21666718
MEX,Mexico,18.86667061,-99.94999695
MEX,Mexico,19,-98.98332977
IND,India,19.01441002,72.84793854
MEX,Mexico,19.04999924,-98.19999695
MEX,Mexico,19.05010986,-104.3187866
THA,Thailand,19.14930916,100.2752228
MEX,Mexico,19.20000076,-96.1333313
CHN,China,19.2305603,109.4475021
MEX,Mexico,19.28166962,-99.00332642
MEX,Mexico,19.28333092,-99.16667175
MEX,Mexico,19.28833008,-99.66722107
DOM,Dominican Republic,19.29517937,-70.25543213
MEX,Mexico,19.32888985,-99.16027832
MEX,Mexico,19.35111046,-99.05194092
DOM,Dominican Republic,19.38319969,-69.84739685
MEX,Mexico,19.39666939,-99.0847168
MEX,Mexico,19.41361046,-99.03305817
MEX,Mexico,19.41721916,-99.15693665
MEX,Mexico,19.42250061,-99.20278168
MEX,Mexico,19.42847061,-99.12766266
MEX,Mexico,19.43000031,-99.09916687
DOM,Dominican Republic,19.45000076,-70.69999695
MEX,Mexico,19.47860909,-99.09583283
MEX,Mexico,19.48888969,-99.18360901
MEX,Mexico,19.53333092,-96.91667175
THA,Thailand,19.55394936,99.74046326
CHN,China,19.57695961,110.8562012
DOM,Dominican Republic,19.58469963,-70.9848938
CHN,China,19.62700081,110.7310028
DOM,Dominican Republic,19.79343987,-70.68840027
VNM,Vietnam,19.79999924,105.7666702
MEX,Mexico,19.81666946,-97.34999847
DOM,Dominican Republic,19.82711983,-71.17411041
MEX,Mexico,19.83333015,-98.98332977
THA,Thailand,19.90858078,99.83249664
SAU,Saudi Arabia,20.01288033,41.46767044
CHN,China,20.04582977,110.3416672
MEX,Mexico,20.11697006,-98.73329163
THA,Thailand,20.1467495,99.85256195
IND,India,20.26667023,73.01667023
IND,India,20.37174988,72.90493012
IND,India,20.41666985,72.84999847
VNM,Vietnam,20.45000076,106.3333282
MEX,Mexico,20.50832939,-86.9458313
VNM,Vietnam,20.54110909,105.913887
MEX,Mexico,20.54999924,-102.5166702
MEX,Mexico,20.60000038,-100.3833313
MEX,Mexico,20.62739945,-87.07987213
IND,India,20.63332939,72.93332672
VNM,Vietnam,20.64999962,106.0666733
MEX,Mexico,20.66666985,-103.3333282
IND,India,20.85000038,86.33332825
VNM,Vietnam,20.85610962,106.6822205
VNM,Vietnam,20.93333054,106.3166733
VNM,Vietnam,20.95111084,107.0800018
MEX,Mexico,21.01667023,-99.18332672
VNM,Vietnam,21.01667023,107.3000031
VNM,Vietnam,21.02449989,105.8411713
VNM,Vietnam,21.03333092,106.7833328
IND,India,21.16666985,72.83332825
MEX,Mexico,21.1742897,-86.84655762
VNM,Vietnam,21.18333054,106.0500031
VNM,Vietnam,21.26667023,106.1999969
SAU,Saudi Arabia,21.27028084,40.41582871
CHN,China,21.28145027,110.3427124
USA,United States,21.30694008,-157.8583374
SAU,Saudi Arabia,21.42667007,39.82611084
CHN,China,21.46858978,101.5506897
CHN,China,21.48332977,109.0999985
SAU,Saudi Arabia,21.51693916,39.21916962
VNM,Vietnam,21.59277916,105.8441696
CHN,China,21.64999962,110.9000015
CHN,China,21.85000038,111.9666672
MEX,Mexico,21.88332939,-102.3000031
MEX,Mexico,21.95000076,-100
CHN,China,21.95000076,108.6166687
CHN,China,21.95322037,100.3840866
CHN,China,21.98303032,112.5009689
MEX,Mexico,21.98332977,-99.01667023
CHN,China,22,100.8000031
TWN,"Taiwan, China",22.00416946,120.7438889
MEX,Mexico,22.14999962,-100.9833298
MAC,"Macao SAR, China",22.20055962,113.5461121
MEX,Mexico,22.21666908,-97.84999847
CHN,China,22.25,112.7833328
CHN,China,22.27693939,113.5677795
CHN,China,22.28145981,109.5293427
HKG,"Hong Kong SAR, China",22.28552055,114.157692
IND,India,22.29999924,73.19999695
CHN,China,22.32527924,110.2555618
VNM,Vietnam,22.34023094,103.8441467
CHN,China,22.37302971,110.9474564
MEX,Mexico,22.39999962,-99.59999847
MEX,Mexico,22.39999962,-97.91667175
MEX,Mexico,22.43333054,-100.2833328
VNM,Vietnam,22.48332977,103.9499969
CHN,China,22.52058029,113.3823166
CHN,China,22.54553986,114.0682983
MMR,Myanmar,22.56666946,95.69999695
IND,India,22.56971932,88.36972046
CHN,China,22.58333015,113.0833282
TWN,"Taiwan, China",22.61626053,120.3133316
TWN,"Taiwan, China",22.62659073,120.3612595
CHN,China,22.63332939,110.1500015
TWN,"Taiwan, China",22.67135048,120.4881363
IND,India,22.75,73.6333313
TWN,"Taiwan, China",22.75830078,121.1444016
CHN,China,22.78199005,115.3475037
CHN,China,22.78862953,100.9748077
CHN,China,22.81666946,108.3166733
VNM,Vietnam,22.83333015,104.9833298
CHN,China,22.87723923,110.5571671
CHN,China,22.93055916,112.0373001
CHN,China,22.97533035,115.3317871
CHN,China,22.97693062,103.7108536
TWN,"Taiwan, China",22.99082947,120.2133331
CHN,China,23.01279068,104.4508133
CHN,China,23.02676964,113.1314774
IND,India,23.03333092,72.6166687
CHN,China,23.04888916,113.7447205
CHN,China,23.05116081,112.4597168
CHN,China,23.08333015,114.4000015
CHN,China,23.09638977,109.609169
CHN,China,23.11667061,113.25
TWN,"Taiwan, China",23.12492943,120.46138
CHN,China,23.1262207,104.7408981
IND,India,23.13332939,70.01667023
CHN,China,23.16152,99.20226288
CHN,China,23.20252037,106.3820724
TWN,"Taiwan, China",23.30694008,120.3105621
CHN,China,23.31072044,116.1686935
CHN,China,23.35533905,107.5563965
CHN,China,23.36001968,103.4368362
CHN,China,23.36666679,103.1500015
CHN,China,23.36666679,104.25
CHN,China,23.36813927,116.7147903
CHN,China,23.38471031,106.5735168
CHN,China,23.39249992,110.0813904
MEX,Mexico,23.41666985,-99.3833313
CHN,China,23.43099022,116.0457535
CHN,China,23.45170975,108.5881119
TWN,"Taiwan, China",23.45944023,120.332222
TWN,"Taiwan, China",23.46290207,120.2426147
IND,India,23.46666908,73.30000305
CHN,China,23.4683094,100.6835403
TWN,"Taiwan, China",23.47916985,120.4488907
CHN,China,23.48332977,111.3166733
CHN,China,23.52886009,116.3641586
CHN,China,23.55430031,110.3975677
CHN,China,23.57110024,102.0041733
IND,India,23.60000038,72.94999695
CHN,China,23.60255051,102.8309174
CHN,China,23.63305092,115.1927109
CHN,China,23.66513062,116.6378632
CHN,China,23.69137001,102.4870071
CHN,China,23.69701004,114.9820786
CHN,China,23.70000076,113.0333328
TWN,"Taiwan, China",23.70944023,120.5433273
BGD,Bangladesh,23.71039963,90.40744019
MEX,Mexico,23.73332977,-99.1333313
CHN,China,23.73332977,114.6833267
TWN,"Taiwan, China",23.74638939,120.7525024
CHN,China,23.79574013,98.80397034
CHN,China,23.88093948,113.641449
CHN,China,23.88333321,100.0833359
CHN,China,23.89999962,106.6166687
TWN,"Taiwan, China",23.91566086,120.6638718
TWN,"Taiwan, China",23.95907974,120.6851578
CHN,China,23.96048927,101.0826492
TWN,"Taiwan, China",23.96191216,120.5738373
CHN,China,24.01180077,99.23963928
MEX,Mexico,24.03333092,-104.6666718
CHN,China,24.05191994,105.0749664
CHN,China,24.05904961,114.2050781
TWN,"Taiwan, China",24.0732708,120.5627594
SAU,Saudi Arabia,24.08912087,38.06373978
TWN,"Taiwan, China",24.14690018,120.6838989
ARE,United Arab Emirates,24.19166946,55.76055908
IND,India,24.19972992,82.67534638
CHN,China,24.22084999,97.78682709
TWN,"Taiwan, China",24.25,120.7169418
CHN,China,24.29768944,116.1072388
CHN,China,24.31258011,109.3891602
CHN,China,24.35499954,102.5422211
CHN,China,24.38088989,116.6493225
CHN,China,24.40416908,103.4427795
CHN,China,24.41638947,111.5477753
CHN,China,24.43333244,98.58333588
ARE,United Arab Emirates,24.46666908,54.3666687
IND,India,24.46666908,88.06667328
SAU,Saudi Arabia,24.46861076,39.61417007
CHN,China,24.47978973,118.081871
CHN,China,24.51333046,117.6555634
TWN,"Taiwan, China",24.56427002,120.8236694
USA,United States,24.56450272,-81.76328278
IND,India,24.58620071,78.72879791
CHN,China,24.60088921,98.70417786
CHN,China,24.6452198,110.6430588
CHN,China,24.66739082,109.2354736
SAU,Saudi Arabia,24.68773079,46.72185135
CHN,China,24.69277763,108.0849991
CHN,China,24.7077198,103.4050064
USA,United States,24.71375084,-81.09034729
CHN,China,24.72364998,116.7242889
CHN,China,24.73641968,97.91358185
TWN,"Taiwan, China",24.75699997,121.7529984
CHN,China,24.78111076,112.3824997
CHN,China,24.79999924,113.5833282
TWN,"Taiwan, China",24.80360985,120.9686127
CHN,China,24.82893944,99.5923233
CHN,China,24.83333015,110.8166733
TWN,"Taiwan, China",24.83832932,121.007782
CHN,China,24.86249924,114.208252
TWN,"Taiwan, China",24.88372994,121.2904282
PAK,Pakistan,24.90559959,67.0821991
CHN,China,24.91389084,118.5858307
CHN,China,24.94536018,102.2002792
CHN,China,24.94824028,114.0657196
TWN,"Taiwan, China",24.99367905,121.2969589
CHN,China,24.99492073,98.51275635
CHN,China,25.00167084,117.5274963
TWN,"Taiwan, China",25.01427078,121.4671936
CHN,China,25.03889084,102.7183304
CHN,China,25.04555512,101.5280533
TWN,"Taiwan, China",25.04776001,121.5318527
BHS,"Bahamas, The",25.05822945,-77.34306335
CHN,China,25.06666946,109.25
CHN,China,25.08329964,104.9000015
CHN,China,25.1072197,117.0224991
CHN,China,25.11666679,99.16666412
TWN,"Taiwan, China",25.12825012,121.7418976
QAT,Qatar,25.15082932,51.53778076
CHN,China,25.23246956,112.5398102
ARE,United Arab Emirates,25.25816917,55.30472183
QAT,Qatar,25.27931976,51.52244949
CHN,China,25.28194046,110.2863922
ARE,United Arab Emirates,25.28812027,55.88156891
IRN,"Iran, Islamic Rep.",25.29190064,60.64300156
QAT,Qatar,25.29194069,51.42443848
CHN,China,25.31229973,118.30056
ARE,United Arab Emirates,25.33131981,56.34199143
ARE,United Arab Emirates,25.35730934,55.40330124
CHN,China,25.38323021,112.9789734
SAU,Saudi Arabia,25.39999962,49.65000153
CHN,China,25.40950012,116.3841019
ARE,United Arab Emirates,25.41110992,55.43503952
MEX,Mexico,25.41666985,-101
QAT,Qatar,25.41694069,51.4038887
CHN,China,25.43943977,119.0102768
CHN,China,25.47443962,112.3280563
CHN,China,25.48332977,103.7833328
CHN,China,25.49522972,111.1348724
CHN,China,25.50807953,119.8072205
MEX,Mexico,25.54999924,-103.4333267
CHN,China,25.5593605,112.3635178
MEX,Mexico,25.56666946,-103.5
IND,India,25.60000038,85.1166687
CHN,China,25.6031704,115.7962875
CHN,China,25.61964035,110.6424789
MEX,Mexico,25.64999962,-100.0833282
MEX,Mexico,25.66666985,-100.3166733
CHN,China,25.66666985,104.2333298
CHN,China,25.67106056,99.9802475
CHN,China,25.67507935,117.8447037
MEX,Mexico,25.70000076,-103.2666702
CHN,China,25.70000076,100.1833267
USA,United States,25.72149086,-80.26837921
CHN,China,25.72500038,119.3794403
CHN,China,25.73332977,112.7458878
USA,United States,25.76240349,-80.35465241
USA,United States,25.7742691,-80.19365692
USA,United States,25.78485298,-80.14472961
USA,United States,25.78628922,-80.18982697
CHN,China,25.78667069,112.3508301
ARE,United Arab Emirates,25.7895298,55.94319916
USA,United States,25.79064941,-80.13005066
CHN,China,25.79360962,110.0091705
CHN,China,25.79999924,113.0333328
CHN,China,25.80061913,100.5743485
USA,United States,25.81954002,-80.35533142
CHN,China,25.85000038,114.9333267
USA,United States,25.85759926,-80.27810669
USA,United States,25.86510086,-80.32450104
CHN,China,25.86667061,98.8666687
MEX,Mexico,25.88332939,-97.5
USA,United States,25.89009094,-80.18670654
CHN,China,25.89361,111.5883331
CHN,China,25.89479065,99.42935944
USA,United States,25.9052906,-80.25715637
USA,United States,25.93548966,-80.21401215
CHN,China,25.94459915,111.0363998
USA,United States,25.98119927,-80.14837647
MEX,Mexico,25.98332977,-98.09999847
USA,United States,25.98731041,-80.23226929
USA,United States,26.01119995,-80.14949036
CHN,China,26.03667069,110.6405563
EGY,"Egypt, Arab Rep.",26.05493927,32.16328812
CHN,China,26.06138992,119.3061066
USA,United States,26.06287003,-80.23310089
CHN,China,26.08169937,113.9822617
MEX,Mexico,26.08333015,-98.28333283
USA,United States,26.10037041,-80.39977264
CHN,China,26.1066494,113.132782
USA,United States,26.12231064,-80.14337921
BHR,Bahrain,26.12389946,50.57360077
USA,United States,26.15766907,-80.28610992
USA,United States,26.17230988,-80.13198853
BHR,Bahrain,26.17361069,50.54777908
USA,United States,26.2034092,-98.23001099
JPN,Japan,26.21221924,127.6791687
BHR,Bahrain,26.21536064,50.58319855
CHN,China,26.21666718,111.6166687
BHR,Bahrain,26.2166996,50.58330154
BHR,Bahrain,26.23329926,50.5
USA,United States,26.23785973,-80.12477112
USA,United States,26.24452972,-80.20644379
CHN,China,26.24860954,117.6186066
CHN,China,26.25,105.9333267
USA,United States,26.25175095,-80.17893982
BHR,Bahrain,26.25721932,50.61193848
CHN,China,26.26666641,107.5166702
USA,United States,26.27119064,-80.27059937
SAU,Saudi Arabia,26.30323982,50.13528061
USA,United States,26.31007958,-80.23726654
USA,United States,26.31841087,-80.09976959
SAU,Saudi Arabia,26.32599068,43.97497177
USA,United States,26.35869026,-80.08309937
CHN,China,26.38883019,111.2621307
CHN,China,26.38892937,112.3792496
CHN,China,26.39266968,117.7748795
CHN,China,26.40237999,112.8590775
CHN,China,26.43902969,99.44061279
USA,United States,26.46146011,-80.07282257
CHN,China,26.52861023,119.4625015
IRN,"Iran, Islamic Rep.",26.55777931,54.0194397
IRN,"Iran, Islamic Rep.",26.55792046,54.88066864
USA,United States,26.56285095,-81.94953156
CHN,China,26.58333015,106.7166672
CHN,China,26.58333206,107.9833298
CHN,China,26.58509064,101.7127609
CHN,China,26.59444428,104.8333359
CHN,China,26.61499977,118.9063873
USA,United States,26.61590004,-80.05699158
USA,United States,26.62368012,-80.12532044
CHN,China,26.64500046,118.1736069
CHN,China,26.66167069,119.5227814
CHN,China,26.66255951,102.2439194
USA,United States,26.71533966,-80.05336762
CHN,China,26.76836968,112.108139
CHN,China,26.84250069,109.1788864
IND,India,26.85000038,80.91667175
CHN,China,26.88805962,112.6149979
CHN,China,26.90833092,118.9819412
IND,India,26.91666985,75.81667328
IRN,"Iran, Islamic Rep.",26.95809937,56.27190018
LBY,Libya,27.0376606,14.42831993
USA,United States,27.05949974,-80.13642883
USA,United States,27.06810951,-82.3728714
CHN,China,27.08917046,119.6452789
CHN,China,27.1171608,114.9792709
IRN,"Iran, Islamic Rep.",27.14669991,57.08010101
IRN,"Iran, Islamic Rep.",27.18650055,56.28079987
CHN,China,27.19305992,103.527298
CHN,China,27.19581986,99.3248291
IRN,"Iran, Islamic Rep.",27.2024498,60.68476105
CHN,China,27.25,111.4666672
USA,United States,27.29393005,-80.35032654
CHN,China,27.3125,105.2941666
CHN,China,27.31666946,103.7166672
CHN,China,27.32733917,120.2139969
USA,United States,27.3364296,-82.53064728
SAU,Saudi Arabia,27.35133934,35.69013977
CHN,China,27.36438942,118.8571091
CHN,China,27.36610985,110.9349976
CHN,China,27.3801899,102.5412598
CHN,China,27.42699051,101.5096817
USA,United States,27.44671059,-80.3256073
CHN,China,27.45000076,104.8333282
BTN,Bhutan,27.46608925,89.64190674
USA,United States,27.49892998,-82.57482147
MEX,Mexico,27.5,-99.51667023
SAU,Saudi Arabia,27.5218792,41.69073105
CHN,China,27.54944038,109.9591675
CHN,China,27.61239052,118.2050095
CHN,China,27.61667061,113.8499985
USA,United States,27.63863945,-80.3972702
USA,United States,27.65024567,-80.35958862
IRN,"Iran, Islamic Rep.",27.66519928,54.13710022
CHN,China,27.6866703,106.9072189
CHN,China,27.68806076,111.4294434
CHN,China,27.70178032,103.2480621
CHN,China,27.70223045,99.53726959
USA,United States,27.70689011,-97.34972382
CHN,China,27.71632958,119.9192123
CHN,China,27.71722031,109.1852798
CHN,China,27.73332977,112.5333328
CHN,China,27.73443985,111.9944382
CHN,China,27.73765945,103.8573837
ESP,Spain,27.75670052,-15.57870007
USA,United States,27.77086067,-82.67926788
CHN,China,27.77389908,116.9145432
USA,United States,27.80057907,-97.39637756
CHN,China,27.80429077,114.9333496
CHN,China,27.82243919,99.76928711
CHN,China,27.8297596,114.0194778
CHN,China,27.83333015,113.1500015
CHN,China,27.83333015,114.4000015
CHN,China,27.83333206,99.59999847
CHN,China,27.85000038,112.9000015
CHN,China,27.8508091,104.9687424
EGY,"Egypt, Arab Rep.",27.85182953,34.30498886
CHN,China,27.88013077,99.09075928
CHN,China,27.88333321,102.2666702
USA,United States,27.89154625,-82.50573731
USA,United States,27.89685059,-82.67604828
USA,United States,27.9094696,-82.787323
USA,United States,27.91410065,-82.29959869
CHN,China,27.93078995,101.2778091
USA,United States,27.9475193,-82.45842743
USA,United States,27.95783043,-82.45883179
USA,United States,27.96585083,-82.80010223
CHN,China,27.99942017,120.6668167
USA,United States,28.00736046,-82.51544952
CHN,China,28.01511955,102.8423309
USA,United States,28.03446007,-80.58866119
USA,United States,28.03947067,-81.94979858
USA,United States,28.04664421,-82.68643951
CHN,China,28.07206917,104.189003
CHN,China,28.07225037,99.02316284
USA,United States,28.08362961,-80.60810852
CHN,China,28.11639023,117.6624985
ESP,Spain,28.12270927,-16.72599983
CHN,China,28.13750076,106.8199997
CHN,China,28.13949966,115.7649536
MEX,Mexico,28.19013023,-105.4701233
CHN,China,28.20000076,112.9666672
CHN,China,28.20063019,103.5822601
CHN,China,28.20388985,99.80944061
IRN,"Iran, Islamic Rep.",28.22106934,61.21582031
CHN,China,28.23333359,117
CHN,China,28.26647949,103.5683823
USA,United States,28.30467987,-81.41667175
USA,United States,28.30780411,-81.42129517
CHN,China,28.31019974,102.4118881
CHN,China,28.31666756,109.7333298
CHN,China,28.31666946,109.7166672
CHN,China,28.38017082,111.2058563
SAU,Saudi Arabia,28.38332939,36.58332825
CHN,China,28.38813973,114.7695618
IND,India,28.39999962,77.84999847
CHN,China,28.45322037,117.9685974
CHN,China,28.46042061,119.9102936
IND,India,28.46666908,77.03333283
ESP,Spain,28.46824074,-16.2546196
EGY,"Egypt, Arab Rep.",28.50359917,30.80039978
CHN,China,28.51096916,99.01592255
IND,India,28.51667023,80.15000153
CHN,China,28.52360916,112.1252823
USA,United States,28.53833962,-81.37924194
CHN,China,28.55261993,102.1681976
CHN,China,28.56785965,103.9100723
CHN,China,28.57772064,104.9208679
IND,India,28.57999992,77.33000183
USA,United States,28.61222076,-80.80754852
CHN,China,28.62084007,104.2992706
MEX,Mexico,28.63332939,-106.0833282
IND,India,28.63575935,77.22444916
KWT,Kuwait,28.63916969,47.93056107
CHN,China,28.64156914,102.5086975
CHN,China,28.66666794,121.3499985
IND,India,28.66666985,77.21666718
USA,United States,28.67000008,-81.20812225
USA,United States,28.67778015,-81.32785034
CHN,China,28.68028069,121.4427795
CHN,China,28.68333054,115.8833313
MEX,Mexico,28.70000076,-100.5166702
CHN,China,28.71666908,109.6166687
USA,United States,28.73221016,-82.50621033
IRN,"Iran, Islamic Rep.",28.75193977,54.54444122
CHN,China,28.76667023,104.6238327
USA,United States,28.78137016,-82.61509705
CHN,China,28.81160927,105.8335876
CHN,China,28.81604958,113.0762177
IRN,"Iran, Islamic Rep.",28.84379959,52.5707016
CHN,China,28.84622002,103.5457535
CHN,China,28.87239075,105.4404907
CHN,China,28.8885994,108.7639999
USA,United States,28.89219093,-99.09503174
CHN,China,28.92333984,119.967598
IRN,"Iran, Islamic Rep.",28.93829918,53.64820099
CHN,China,28.9596405,103.9008636
IRN,"Iran, Islamic Rep.",28.96839905,50.83850098
CHN,China,28.97090912,102.7712631
USA,United States,28.98275948,-95.9693985
IND,India,28.98332977,77.69999695
USA,United States,28.98888016,-80.90228272
CHN,China,28.9924202,116.6675415
CHN,China,29.00279045,114.1867218
CHN,China,29.00806046,117.5402832
USA,United States,29.02832031,-81.30312347
USA,United States,29.03004074,-81.32514954
CHN,China,29.03222084,111.6780624
MEX,Mexico,29.06666946,-110.9666672
KWT,Kuwait,29.08250046,48.13027954
KWT,Kuwait,29.08333206,48.08333206
IRN,"Iran, Islamic Rep.",29.1060009,58.35699844
CHN,China,29.10685921,114.4376373
CHN,China,29.12944031,110.4783325
KWT,Kuwait,29.14500046,48.13027954
USA,United States,29.16941071,-95.43187714
USA,United States,29.18720055,-82.14009094
IRN,"Iran, Islamic Rep.",29.19879913,54.32780075
USA,United States,29.19948959,-82.09171295
CHN,China,29.20908928,103.9455566
USA,United States,29.21080971,-81.02282715
KWT,Kuwait,29.22528076,48.10166931
CHN,China,29.23574066,109.4255219
CHN,China,29.23991966,102.3720779
KWT,Kuwait,29.25721932,48.05722046
IRN,"Iran, Islamic Rep.",29.26659966,51.21590042
KWT,Kuwait,29.26917076,47.97806168
IRN,"Iran, Islamic Rep.",29.27619934,56.80139923
CHN,China,29.29470062,117.2078934
KWT,Kuwait,29.29500008,47.93305969
USA,United States,29.30134964,-94.79769898
CHN,China,29.30306053,113.8867569
KWT,Kuwait,29.30319977,48.04880905
CHN,China,29.31505966,120.0767593
CHN,China,29.33333015,113.0919418
KWT,Kuwait,29.33389092,48.07611084
USA,United States,29.33613586,-98.09570313
KWT,Kuwait,29.33749962,47.65805817
CHN,China,29.34161949,104.7768936
CHN,China,29.34313011,105.2844315
KWT,Kuwait,29.34721947,47.96166992
IND,India,29.35000038,79.56667328
CHN,China,29.35091972,102.6524811
CHN,China,29.35139084,105.894722
CHN,China,29.35955048,112.4024277
KWT,Kuwait,29.36499977,48.00138855
KWT,Kuwait,29.36972046,47.97832871
IND,India,29.38888931,76.96806335
USA,United States,29.42411995,-98.49362946
KWT,Kuwait,29.44249916,48.27471924
IRN,"Iran, Islamic Rep.",29.45199966,55.6814003
CHN,China,29.45936012,109.4390564
IRN,"Iran, Islamic Rep.",29.49629974,60.86289978
CHN,China,29.51889038,112.5483704
USA,United States,29.55718041,-95.80856323
CHN,China,29.56228066,103.7638626
CHN,China,29.56278038,106.5527802
USA,United States,29.56357002,-95.28604889
IRN,"Iran, Islamic Rep.",29.57909966,50.51699829
CHN,China,29.58353996,105.0621567
USA,United States,29.58497047,-81.20783997
USA,United States,29.59576988,-90.7195282
CHN,China,29.59638023,115.3205185
IRN,"Iran, Islamic Rep.",29.60359955,52.53879929
CHN,China,29.6083107,103.4860306
IRN,"Iran, Islamic Rep.",29.61948967,51.6541481
USA,United States,29.61968041,-95.63494873
CHN,China,29.64999962,91.09999847
CHN,China,29.68626022,118.0095215
USA,United States,29.69105911,-95.20909882
USA,United States,29.69936943,-91.20677185
USA,United States,29.70129013,-95.53916168
CHN,China,29.70222092,107.3919373
USA,United States,29.70299912,-98.12445068
USA,United States,29.70578957,-95.45883179
CHN,China,29.71138954,118.3125
USA,United States,29.71800995,-95.43383026
CHN,China,29.73332977,115.9833298
CHN,China,29.74357033,103.5667877
USA,United States,29.7609005,-95.36250305
USA,United States,29.76328087,-95.36327362
CHN,China,29.78062058,104.8522415
USA,United States,29.83116913,-95.47411346
CHN,China,29.87587929,109.319313
CHN,China,29.87818909,121.5494537
USA,United States,29.88327026,-97.94139099
CHN,China,29.88332939,114.2166672
IRN,"Iran, Islamic Rep.",29.89167023,51.6866684
USA,United States,29.89468956,-81.31452179
CHN,China,29.89912033,116.5510483
IRN,"Iran, Islamic Rep.",29.92749977,56.57220078
CHN,China,29.92836952,119.5906982
USA,United States,29.94140053,-95.34449768
USA,United States,29.95465088,-90.07507324
CHN,China,29.98333359,103.0166702
USA,United States,29.99408913,-90.24173737
CHN,China,29.99472046,106.2572174
CHN,China,29.99814034,104.1399231
EGY,"Egypt, Arab Rep.",30.00807953,31.21092987
CHN,China,30.01074982,122.2046509
CHN,China,30.01102066,120.5715332
CHN,China,30.0134697,120.2886581
CHN,China,30.03300095,112.852562
USA,United States,30.03360939,-95.2611084
CHN,China,30.04999924,121.149437
CHN,China,30.05126953,101.9603271
CHN,China,30.05500031,103.8339996
EGY,"Egypt, Arab Rep.",30.0626297,31.24967003
IRN,"Iran, Islamic Rep.",30.11404991,51.52173996
CHN,China,30.11544037,116.6831284
IRN,"Iran, Islamic Rep.",30.11650085,55.11859894
CHN,China,30.11666679,104.6500015
IND,India,30.11667061,78.31667328
CHN,China,30.12818909,111.7783737
IND,India,30.18333054,78.1166687
IND,India,30.20000076,74.94999695
CHN,China,30.20000076,110.6908112
EGY,"Egypt, Arab Rep.",30.21035004,31.36812019
USA,United States,30.2130909,-93.20439911
CHN,China,30.22109032,111.1991882
USA,United States,30.22242928,-92.6570816
USA,United States,30.22409058,-92.01983643
CHN,China,30.23583031,119.7180634
CHN,China,30.26576996,119.472229
USA,United States,30.26715088,-97.74305725
USA,United States,30.27519035,-89.78117371
CHN,China,30.2811203,105.0234604
IRN,"Iran, Islamic Rep.",30.28321075,57.07878876
USA,United States,30.29042244,-82.16187286
USA,United States,30.29304123,-97.73724365
CHN,China,30.29364967,120.1614227
USA,United States,30.31188011,-95.45604706
USA,United States,30.33218002,-81.65564728
IRN,"Iran, Islamic Rep.",30.33919907,48.3042984
CHN,China,30.35028076,112.1902771
CHN,China,30.35115051,106.2866898
IRN,"Iran, Islamic Rep.",30.35860062,50.79809952
USA,United States,30.36401558,-97.82808685
CHN,China,30.36945915,115.4916077
CHN,China,30.37447929,106.7726593
CHN,China,30.38332939,113.4000015
CHN,China,30.39097023,104.549118
MAR,Morocco,30.39467049,-9.20897007
USA,United States,30.39603043,-88.88530731
CHN,China,30.39999962,112.9000015
CHN,China,30.39999962,114.8333282
USA,United States,30.40540695,-91.19068146
IRN,"Iran, Islamic Rep.",30.40670013,55.9939003
CHN,China,30.41587067,103.4608765
MAR,Morocco,30.42017937,-9.598150253
USA,United States,30.42561913,-97.84765625
IRN,"Iran, Islamic Rep.",30.42983055,49.07627869
USA,United States,30.43825913,-84.2807312
USA,United States,30.4393692,-97.62000275
IRN,"Iran, Islamic Rep.",30.43969917,48.16640091
CHN,China,30.45000076,114.8000031
USA,United States,30.45075035,-91.15454865
CHN,China,30.47413063,106.6369629
IRQ,Iraq,30.48292923,48.01438141
USA,United States,30.50519943,-97.82028961
CHN,China,30.5080204,105.5733185
USA,United States,30.50826073,-97.67890167
CHN,China,30.50917053,117.05056
USA,United States,30.5229702,-87.90332794
CHN,China,30.53333283,120.6833344
USA,United States,30.53352928,-92.08151245
USA,United States,30.57880974,-97.85307312
CHN,China,30.58217049,105.2514114
CHN,China,30.58333015,114.2666702
EGY,"Egypt, Arab Rep.",30.58768082,31.50200081
IND,India,30.58880043,76.84559631
IRN,"Iran, Islamic Rep.",30.59589958,50.24169922
USA,United States,30.60353088,-87.9036026
CHN,China,30.60868073,118.3270187
USA,United States,30.62797928,-96.33441162
IND,India,30.64555931,76.3824997
IRN,"Iran, Islamic Rep.",30.64971924,48.66471863
IND,India,30.64999962,75.59999847
CHN,China,30.64999962,113.7666702
CHN,China,30.65777969,117.4830627
CHN,China,30.66666985,104.0666733
IRN,"Iran, Islamic Rep.",30.66823959,51.58795929
IND,India,30.67995071,76.72210693
USA,United States,30.68055725,-88.07006836
USA,United States,30.69034576,-88.04677582
USA,United States,30.69436073,-88.04305267
IRN,"Iran, Islamic Rep.",30.70059967,49.83150101
CHN,China,30.71443939,111.2847214
EGY,"Egypt, Arab Rep.",30.73006058,31.80182076
CHN,China,30.73047066,118.0021515
USA,United States,30.73051071,-81.54649353
CHN,China,30.73278046,118.9111099
CHN,China,30.73674011,107.2011566
CHN,China,30.75219917,120.75
LBY,Libya,30.7554493,20.22625923
IRN,"Iran, Islamic Rep.",30.75971985,49.70500183
USA,United States,30.76213074,-86.57051086
IRN,"Iran, Islamic Rep.",30.79490089,50.56457901
CHN,China,30.79508019,106.0847397
IRN,"Iran, Islamic Rep.",30.81270981,56.56399155
CHN,China,30.82969093,111.774231
CHN,China,30.84206009,106.9678497
USA,United States,30.84630966,-93.28904724
CHN,China,30.86440086,112.6661072
CHN,China,30.86949921,101.8841324
CHN,China,30.87030029,120.0932999
CHN,China,30.87122917,105.3845367
IRN,"Iran, Islamic Rep.",30.89459992,49.40919876
CHN,China,30.89999962,108.4670029
IND,India,30.91666985,77.1166687
CHN,China,30.91666985,113.9000015
CHN,China,30.93333244,117.7666702
CHN,China,30.93333244,118.7333298
CHN,China,30.94178009,100.3095779
SAU,Saudi Arabia,30.97530937,41.03807831
CHN,China,30.98481941,118.0507507
CHN,China,31.00099945,103.6179962
CHN,China,31.00107002,102.3643494
CHN,China,31.00242043,103.6222687
IRN,"Iran, Islamic Rep.",31.02869988,61.50120163
CHN,China,31.03360939,112.2047195
EGY,"Egypt, Arab Rep.",31.03636932,31.38068962
CHN,China,31.08470917,118.194252
CHN,China,31.08514977,107.8650818
CHN,China,31.09407044,105.0873108
IND,India,31.10000038,77.16667175
USA,United States,31.11712074,-97.72779846
CHN,China,31.12870979,118.0057907
CHN,China,31.1301899,104.3819809
CHN,China,31.14629936,118.5646515
IRN,"Iran, Islamic Rep.",31.16080093,52.65060043
USA,United States,31.16147995,-92.09501648
CHN,China,31.16610909,112.5830612
CHN,China,31.16666985,97.23332977
CHN,China,31.19594002,121.4470901
EGY,"Egypt, Arab Rep.",31.20000076,29.89999962
CHN,China,31.2159195,107.5009232
IND,India,31.21777916,75.7694397
USA,United States,31.21980667,-81.95836639
CHN,China,31.22221947,121.4580612
ISR,Israel,31.25181007,34.79130173
IRN,"Iran, Islamic Rep.",31.26561928,56.80545044
CHN,China,31.27490997,106.2871399
IRN,"Iran, Islamic Rep.",31.27997017,49.60351181
USA,United States,31.31129074,-92.44513702
CHN,China,31.31138992,120.6180573
IRN,"Iran, Islamic Rep.",31.32029915,48.66930008
IND,India,31.32555962,75.57917023
USA,United States,31.32711983,-89.29033661
USA,United States,31.33823967,-94.72910309
CHN,China,31.34757996,118.3682938
CHN,China,31.35832977,118.0139923
CHN,China,31.36207962,110.7291794
EGY,"Egypt, Arab Rep.",31.39999962,31.79999924
IRN,"Iran, Islamic Rep.",31.41666985,51.56666946
CHN,China,31.44288063,103.1717834
CHN,China,31.44440079,116.9471664
CHN,China,31.44778061,121.0938873
USA,United States,31.45046043,-83.50849915
CHN,China,31.45933914,104.7542419
USA,United States,31.4656105,-100.4917526
CHN,China,31.47711945,102.0623627
CHN,China,31.47920036,103.5802002
USA,United States,31.55454063,-110.303688
IRN,"Iran, Islamic Rep.",31.56080055,48.18310165
CHN,China,31.56399918,121.1740036
CHN,China,31.56505966,107.0973587
CHN,China,31.56887054,120.2885666
IRN,"Iran, Islamic Rep.",31.59168053,54.43178177
CHN,China,31.60000038,117.8666687
CHN,China,31.60732079,118.9802322
IRN,"Iran, Islamic Rep.",31.61282921,55.41067123
MAR,Morocco,31.63147926,-8.0082798
IND,India,31.63306046,74.86556244
CHN,China,31.63625908,105.1550217
CHN,China,31.64615059,120.7422104
CHN,China,31.64999962,118.5250015
CHN,China,31.65443993,121.1019363
CHN,China,31.68465042,103.8498688
CHN,China,31.69568062,118.4982529
CHN,China,31.71110916,113.36306
MEX,Mexico,31.73332977,-106.4833298
CHN,China,31.73460007,105.9316177
IRN,"Iran, Islamic Rep.",31.74710083,54.20882034
CHN,China,31.75684929,110.6725235
USA,United States,31.7587204,-106.4869308
USA,United States,31.76211929,-95.63079071
ISR,Israel,31.77902031,35.22529984
CHN,China,31.78333092,119.9666672
CHN,China,31.81110954,121.6549988
IND,India,31.84250069,74.75888825
USA,United States,31.84568024,-102.3676376
CHN,China,31.86388969,117.2808304
CHN,China,31.86499977,120.538887
CHN,China,31.86666679,106.75
CHN,China,31.8771801,118.4892502
IRN,"Iran, Islamic Rep.",31.89722061,54.36750031
CHN,China,31.9005909,102.2209167
CHN,China,31.9156208,107.2427292
IRN,"Iran, Islamic Rep.",31.93639946,49.30390167
CHN,China,31.93824959,103.4194183
JOR,Jordan,31.95521927,35.94503021
USA,United States,31.95758057,-110.9556503
IRN,"Iran, Islamic Rep.",31.96523094,51.28730011
CHN,China,31.98176003,120.1605988
CHN,China,31.98666954,121.6875
USA,United States,31.99735069,-102.0779114
CHN,China,32.03028107,120.8747177
IRN,"Iran, Islamic Rep.",32.03388977,51.87944031
CHN,China,32.04219818,112.1447906
IRN,"Iran, Islamic Rep.",32.04550171,48.8567009
CHN,China,32.05500031,110.734169
CHN,China,32.0616684,118.7777786
ISR,Israel,32.08055878,34.81417084
ISR,Israel,32.08087921,34.78057098
USA,United States,32.08354187,-81.09983063
LBY,Libya,32.08361054,23.97639084
ISR,Israel,32.09173966,34.88502884
IND,India,32.09999847,76.26667023
LBY,Libya,32.1166687,20.06666946
CHN,China,32.12277985,114.0655594
CHN,China,32.12525177,106.4625015
USA,United States,32.16389465,-80.75328827
ISR,Israel,32.16582871,34.83666992
IRN,"Iran, Islamic Rep.",32.19419861,48.24359894
CHN,China,32.19572067,106.932373
USA,United States,32.20486832,-95.85552216
CHN,China,32.2091713,119.4341736
USA,United States,32.22174072,-110.9264832
CHN,China,32.22179031,110.2361374
IRN,"Iran, Islamic Rep.",32.25014114,54.01657867
USA,United States,32.25040054,-101.4787369
IRN,"Iran, Islamic Rep.",32.25693893,50.56095886
USA,United States,32.27320099,-89.98592377
CHN,China,32.28998184,105.5132599
IRN,"Iran, Islamic Rep.",32.30611038,53.67443848
IRN,"Iran, Islamic Rep.",32.310009,54.01747131
USA,United States,32.31232071,-106.7783432
CHN,China,32.32194138,118.2977829
USA,United States,32.32520294,-95.29479981
IRN,"Iran, Islamic Rep.",32.32556152,50.86444092
CHN,China,32.32569122,109.7233734
USA,United States,32.32839966,-95.3035965
USA,United States,32.35264969,-90.87787628
CHN,China,32.35388947,106.8323822
CHN,China,32.38832855,120.5552826
USA,United States,32.3909111,-110.9664917
CHN,China,32.39722061,119.4358292
CHN,China,32.40933991,104.5286789
USA,United States,32.42847824,-90.13230896
USA,United States,32.43157959,-80.66983032
CHN,China,32.44202042,105.822998
CHN,China,32.47666931,117.1577835
USA,United States,32.48418045,-92.66819763
CHN,China,32.49332809,119.9106293
USA,United States,32.5007019,-94.74049377
USA,United States,32.50931168,-92.11930084
USA,United States,32.51461029,-101.575737
USA,United States,32.51599121,-93.7321167
USA,United States,32.5251503,-93.75018311
CHN,China,32.5259285,106.04673
LBY,Libya,32.53194046,13.01749992
MEX,Mexico,32.53332901,-117.0166702
USA,United States,32.54207993,-97.32084656
CHN,China,32.54278183,111.5086136
USA,United States,32.5483284,-92.04523468
USA,United States,32.54965591,-83.88439941
USA,United States,32.56319046,-97.14167786
CHN,China,32.56666946,110.7833328
CHN,China,32.58161926,116.792923
CHN,China,32.59025955,105.233429
USA,United States,32.59207916,-96.75611115
ISR,Israel,32.60832977,35.33332825
IRQ,Iraq,32.61603165,44.02487946
CHN,China,32.62269974,105.3449402
CHN,China,32.62638855,116.9969406
PRT,Portugal,32.6333313,-16.89999962
IRN,"Iran, Islamic Rep.",32.63439941,51.3667984
CHN,China,32.63940811,103.5968323
USA,United States,32.64004898,-117.084198
MEX,Mexico,32.65193939,-115.4683304
IRN,"Iran, Islamic Rep.",32.65721893,51.67760849
USA,United States,32.67319107,-97.46057892
USA,United States,32.67895126,-115.4988785
CHN,China,32.68000031,109.0172195
CHN,China,32.68222046,112.0819397
IRN,"Iran, Islamic Rep.",32.69409943,47.26789856
USA,United States,32.71532822,-117.1572571
USA,United States,32.72541046,-97.32084656
USA,United States,32.72583008,-109.0977783
IND,India,32.73332977,74.8666687
USA,United States,32.73569107,-97.10807037
LBY,Libya,32.75709915,12.72764015
USA,United States,32.7678299,-117.0230789
USA,United States,32.78087997,-96.80347443
USA,United States,32.78305817,-96.80667114
USA,United States,32.78699875,-96.79834747
USA,United States,32.79199982,-115.5630493
USA,United States,32.79266739,-95.63532257
LBY,Libya,32.79335022,12.48845005
IRN,"Iran, Islamic Rep.",32.7997818,51.69552994
CHN,China,32.80511856,106.9199066
USA,United States,32.81407929,-96.88011932
ISR,Israel,32.81555939,34.98917007
USA,United States,32.82345963,-97.17057037
USA,United States,32.82896805,-96.84579468
USA,United States,32.834301,-97.2288971
USA,United States,32.83945084,-117.2525024
USA,United States,32.84402084,-97.14306641
IRN,"Iran, Islamic Rep.",32.8662796,59.22114182
LBY,Libya,32.87519074,13.18745995
LBY,Libya,32.88167191,13.35056019
USA,United States,32.88856125,-80.00750732
CHN,China,32.90000153,115.8166733
CHN,China,32.90219116,101.7066574
USA,United States,32.91262054,-96.63887787
USA,United States,32.93457031,-97.25167847
CHN,China,32.93917084,119.8341675
CHN,China,32.94083023,117.3608322
USA,United States,32.94538879,-99.8028717
USA,United States,32.94818115,-96.72972107
USA,United States,32.96276856,-96.74487305
USA,United States,32.96281815,-117.0358582
USA,United States,32.96902847,-93.45072937
CHN,China,32.97943878,114.0294418
USA,United States,32.99239731,-96.68210602
IRN,"Iran, Islamic Rep.",32.99259949,47.41979981
CHN,China,32.99472046,112.5327835
USA,United States,33.0066185,-96.89012146
USA,United States,33.01456833,-97.09696198
USA,United States,33.01984024,-96.69889069
USA,United States,33.03699112,-117.2919769
USA,United States,33.04623032,-96.99417114
CHN,China,33.07278061,107.0302811
CHN,China,33.08506012,115.2902298
USA,United States,33.10316849,-96.67054749
CHN,China,33.1385994,117.8658218
CHN,China,33.13930893,106.6590881
USA,United States,33.14337158,-117.1661377
USA,United States,33.1506691,-96.8236084
USA,United States,33.15230179,-96.84989929
USA,United States,33.16262054,-96.93750763
USA,United States,33.19518662,-87.56476593
USA,United States,33.19586945,-117.3794785
USA,United States,33.19762039,-96.61527252
USA,United States,33.20003891,-117.2425385
CHN,China,33.20576859,112.0026093
USA,United States,33.20983887,-87.56916809
USA,United States,33.21467972,-97.1326828
USA,United States,33.21483994,-97.1330719
IRN,"Iran, Islamic Rep.",33.22052002,50.31496811
CHN,China,33.25695038,106.6307678
CHN,China,33.26464844,104.2327805
USA,United States,33.30615997,-111.8412476
CHN,China,33.33203888,106.1549606
USA,United States,33.3669014,-98.75964356
IRN,"Iran, Islamic Rep.",33.37609863,52.36940002
CHN,China,33.38555908,120.1252823
CHN,China,33.39339829,106.3684998
USA,United States,33.39427185,-104.5230179
USA,United States,33.39677811,-84.59575653
CHN,China,33.40000153,104.9166641
IRN,"Iran, Islamic Rep.",33.40063095,49.69490051
USA,United States,33.40539169,-86.81137848
USA,United States,33.41476822,-111.9093094
USA,United States,33.42227173,-111.8226395
USA,United States,33.43560028,-112.3496017
USA,United States,33.44506836,-86.79125214
USA,United States,33.44837952,-112.0740433
IRN,"Iran, Islamic Rep.",33.45370102,50.2883606
USA,United States,33.46696854,-117.6981125
USA,United States,33.47097015,-81.97483826
USA,United States,33.47177124,-86.8008194
USA,United States,33.47867966,-82.06848908
IRN,"Iran, Islamic Rep.",33.48778153,48.35583115
USA,United States,33.4936409,-117.1483612
USA,United States,33.50180054,-81.96511841
USA,United States,33.50666809,-86.7527771
USA,United States,33.50920868,-111.8990326
SYR,Syrian Arab Republic,33.5102005,36.29127884
USA,United States,33.51139069,-112.0691223
USA,United States,33.5206604,-86.80249023
IRN,"Iran, Islamic Rep.",33.53499985,47.60609818
USA,United States,33.53865051,-112.1859894
USA,United States,33.54225159,-117.7831116
USA,United States,33.5539093,-117.2139206
LBN,Lebanon,33.56306076,35.36888886
CHN,China,33.57794952,102.964119
JPN,Japan,33.58300018,130.3999939
CHN,China,33.5886116,119.0191727
MAR,Morocco,33.59278107,-7.619160175
IRN,"Iran, Islamic Rep.",33.59585953,56.92436981
USA,United States,33.60002136,-117.6719971
IRN,"Iran, Islamic Rep.",33.60950089,48.9306984
USA,United States,33.6117096,-111.7173615
USA,United States,33.61209106,-84.49514008
CHN,China,33.61680985,104.8963318
USA,United States,33.61983109,-86.60887909
USA,United States,33.63220978,-117.8715897
CHN,China,33.6333313,114.6333313
CHN,China,33.6361084,116.9788895
IRN,"Iran, Islamic Rep.",33.63740158,46.42269898
USA,United States,33.64112854,-117.9186707
USA,United States,33.64122009,-117.1872025
USA,United States,33.64192963,-96.60916138
IRN,"Iran, Islamic Rep.",33.64226151,50.07889938
USA,United States,33.64696884,-117.6892166
USA,United States,33.64876938,-117.8407211
USA,United States,33.65982819,-85.83162689
USA,United States,33.66030121,-117.9992294
USA,United States,33.66093826,-95.55551148
USA,United States,33.6694603,-117.8231125
USA,United States,33.68091965,-117.8319168
USA,United States,33.68906021,-78.88668823
USA,United States,33.70917893,-117.9536667
IND,India,33.71667099,74.83332825
PAK,Pakistan,33.72148132,73.04328919
IRN,"Iran, Islamic Rep.",33.72653961,59.18439102
CHN,China,33.73846817,113.3011932
SYR,Syrian Arab Republic,33.73847961,36.60071182
USA,United States,33.74399948,-90.724823
USA,United States,33.74446106,-118.3870163
USA,United States,33.74557114,-117.8678284
USA,United States,33.74900055,-84.3879776
USA,United States,33.75360107,-84.39014435
USA,United States,33.76696014,-118.1892319
USA,United States,33.76900101,-89.80841827
USA,United States,33.76961517,-118.1925735
USA,United States,33.77391052,-117.941452
USA,United States,33.78252029,-117.228653
USA,United States,33.78390884,-116.9586411
USA,United States,33.80252075,-117.9931183
USA,United States,33.81032944,-117.8472824
USA,United States,33.81695938,-118.0372925
USA,United States,33.835289,-117.9144974
USA,United States,33.83584976,-118.3406296
USA,United States,33.8488884,-84.22440338
LBN,Lebanon,33.84972,35.90417099
USA,United States,33.85363007,-118.1339569
USA,United States,33.85454941,-84.2171402
USA,United States,33.85733032,-84.01991272
USA,United States,33.85834885,-118.0647888
IRN,"Iran, Islamic Rep.",33.86330032,48.26190186
USA,United States,33.86663437,-118.0484543
USA,United States,33.87223816,-117.8703384
USA,United States,33.87528992,-117.5664368
CHN,China,33.87722015,115.7702789
USA,United States,33.87848663,-84.33387756
USA,United States,33.88862991,-117.8131104
LBN,Lebanon,33.8889389,35.4944191
LBN,Lebanon,33.89056015,35.56639099
IRN,"Iran, Islamic Rep.",33.89730072,48.75159836
USA,United States,33.91371155,-98.49339294
USA,United States,33.91640091,-118.3525696
USA,United States,33.91667938,-117.9000626
CHN,China,33.9276619,112.4590302
USA,United States,33.93029022,-118.2114563
USA,United States,33.93112946,-117.5486603
CHN,China,33.93333435,118.2833328
USA,United States,33.93725967,-84.20035553
USA,United States,33.94001007,-118.1325684
USA,United States,33.95031738,-108.678894
USA,United States,33.95259857,-84.54992676
USA,United States,33.95335007,-117.3961563
USA,United States,33.95621109,-83.98796082
USA,United States,33.96094894,-83.37793732
USA,United States,33.96112061,-116.5016785
CHN,China,33.97444153,116.7916718
USA,United States,33.97917938,-118.0328369
IRN,"Iran, Islamic Rep.",33.98308182,51.43643951
IRN,"Iran, Islamic Rep.",33.9905014,50.68379974
USA,United States,33.99648666,-81.03018189
USA,United States,34.00070953,-81.03481293
USA,United States,34.0028801,-84.14463806
LBN,Lebanon,34.00582886,36.21805954
USA,United States,34.01222992,-117.688942
MAR,Morocco,34.01324844,-6.832550049
USA,United States,34.01425934,-86.00663757
USA,United States,34.01539993,-117.858223
CHN,China,34.01667023,113.8166733
USA,United States,34.01945114,-118.491188
USA,United States,34.02315903,-84.36158752
USA,United States,34.02342987,-84.61549377
USA,United States,34.02854919,-84.14087677
USA,United States,34.02893066,-84.19857788
USA,United States,34.03789139,-94.34131622
IRN,"Iran, Islamic Rep.",34.03897095,48.46260071
USA,United States,34.04323959,-118.2509155
USA,United States,34.04835129,-117.2611465
USA,United States,34.05194855,-118.04673
USA,United States,34.05223084,-118.2436829
USA,United States,34.05256653,-118.2544327
USA,United States,34.05298615,-118.2636871
USA,United States,34.05529022,-117.7522812
USA,United States,34.06251144,-118.1228485
USA,United States,34.06816483,-117.7776794
IRN,"Iran, Islamic Rep.",34.07339859,47.97249985
USA,United States,34.07361984,-118.4003601
USA,United States,34.07537842,-84.29409027
USA,United States,34.07751083,-117.6897812
USA,United States,34.07899094,-118.3789597
USA,United States,34.08167648,-93.31309509
IND,India,34.08332825,74.81667328
IRN,"Iran, Islamic Rep.",34.09173966,49.68915939
USA,United States,34.09223175,-117.435051
USA,United States,34.10149002,-84.51937866
USA,United States,34.10834122,-117.289772
USA,United States,34.10869598,-118.2605896
CHN,China,34.1166687,99.31666565
USA,United States,34.12834168,-117.2086487
CHN,China,34.1333313,119.6500015
USA,United States,34.14250946,-118.2550812
USA,United States,34.14778137,-118.1445236
USA,United States,34.15452957,-99.26508331
USA,United States,34.15777969,-118.6384201
CHN,China,34.16278076,113.4638901
USA,United States,34.1651001,-84.79994202
CHN,China,34.18333054,119.4833298
IRN,"Iran, Islamic Rep.",34.18849945,48.3769989
USA,United States,34.19749832,-119.1770477
USA,United States,34.2163887,-119.0375977
USA,United States,34.2257309,-77.94470978
USA,United States,34.2284317,-92.00319672
USA,United States,34.25421143,-110.0298309
USA,United States,34.25761032,-88.70339203
CHN,China,34.2583313,108.9286118
CHN,China,34.26666641,117.1666641
IRN,"Iran, Islamic Rep.",34.27209854,47.58610153
IRN,"Iran, Islamic Rep.",34.2969017,48.82350159
USA,United States,34.29787827,-83.82407379
LBN,Lebanon,34.29999924,35.8088913
CHN,China,34.29999924,108.4869385
CHN,China,34.31138992,117.9502792
IRN,"Iran, Islamic Rep.",34.31417084,47.06499863
CHN,China,34.33778,108.7026062
AFG,Afghanistan,34.34817123,62.19966888
USA,United States,34.35036087,-89.51898193
IRN,"Iran, Islamic Rep.",34.3528595,58.68365097
CHN,China,34.35361099,107.3752747
CHN,China,34.37963867,107.1463776
JPN,Japan,34.38528061,132.4552765
USA,United States,34.42082977,-119.6981888
USA,United States,34.42469025,-93.09629059
CHN,China,34.4278717,116.3765717
CHN,China,34.45000076,115.6500015
CHN,China,34.4552803,113.0280609
IRN,"Iran, Islamic Rep.",34.46109009,45.86264038
CHN,China,34.47748947,109.3609772
USA,United States,34.50344086,-82.65013123
CHN,China,34.50355148,109.5089111
IRN,"Iran, Islamic Rep.",34.50429916,47.96530151
CHN,China,34.51499939,108.1888886
CHN,China,34.52301025,107.3912735
AFG,Afghanistan,34.52812958,69.17233276
LBN,Lebanon,34.54278183,36.07971954
CHN,China,34.54389191,105.6897202
USA,United States,34.56454086,-92.58683014
CHN,China,34.59999847,119.1666641
IRN,"Iran, Islamic Rep.",34.64009857,50.87639999
DZA,Algeria,34.67279053,3.263000011
CHN,China,34.68360901,112.4536133
USA,United States,34.68658066,-84.4841919
IRN,"Iran, Islamic Rep.",34.69200134,50.01300049
USA,United States,34.69804001,-118.1367416
CHN,China,34.70388031,116.5871735
USA,United States,34.70928955,-81.2071228
USA,United States,34.72818375,-86.58528137
CYP,Cyprus,34.72917175,32.86249924
USA,United States,34.73036957,-86.58609772
CHN,China,34.73611069,116.9247208
USA,United States,34.73706055,-82.25428009
IRN,"Iran, Islamic Rep.",34.74000168,60.77560043
USA,United States,34.74647903,-92.28958893
CHN,China,34.75777817,113.648613
USA,United States,34.7624054,-84.95048523
CHN,China,34.76666641,111.1999969
USA,United States,34.76953888,-92.26708984
PAK,Pakistan,34.77584076,72.36248779
IRN,"Iran, Islamic Rep.",34.78240967,48.11853027
IRN,"Iran, Islamic Rep.",34.78369904,47.60039902
CHN,China,34.79111099,114.3483276
IRN,"Iran, Islamic Rep.",34.79560089,46.9355011
IRN,"Iran, Islamic Rep.",34.79610825,46.51721954
IRN,"Iran, Islamic Rep.",34.79922104,48.5145607
CHN,China,34.80221939,117.1116714
JPN,Japan,34.81666946,134.6999969
USA,United States,34.85261917,-82.39401245
CHN,China,34.86471939,117.5541687
USA,United States,34.86619949,-92.1101532
USA,United States,34.89859009,-117.0228195
CHN,China,34.8987999,108.9505615
IRN,"Iran, Islamic Rep.",34.90719986,48.44139862
USA,United States,34.92486954,-81.02507782
USA,United States,34.92733765,-81.02223969
CHN,China,34.92889023,116.4652786
USA,United States,34.9495697,-81.93205261
USA,United States,34.95302963,-120.4357224
USA,United States,34.9578743,-106.0534821
CHN,China,34.98555756,102.5080566
USA,United States,34.98897934,-90.0125885
CHN,China,34.9992218,109.4128037
GRC,Greece,35.00999832,25.73527908
JPN,Japan,35.01166916,135.7683258
IRN,"Iran, Islamic Rep.",35.02130127,50.35660172
CHN,China,35.02305985,110.9927826
CHN,China,35.03430939,103.5245132
IRN,"Iran, Islamic Rep.",35.04339981,46.35649872
GRC,Greece,35.04999924,24.86667061
USA,United States,35.0526619,-78.87835693
CHN,China,35.06306076,118.3427811
CHN,China,35.0770607,117.1517563
USA,United States,35.08058167,-83.08118439
CHN,China,35.08333206,112.5833359
USA,United States,35.08449173,-106.6511383
USA,United States,35.08869934,-92.44210053
USA,United States,35.11680985,-80.72367859
SYR,Syrian Arab Republic,35.13179016,36.75783157
USA,United States,35.14006043,-85.34844971
USA,United States,35.1495285,-90.04898071
USA,United States,35.1595192,-84.8766098
IRN,"Iran, Islamic Rep.",35.16640091,47.80450058
CYP,Cyprus,35.16667175,33.3666687
JPN,Japan,35.18145752,136.9063873
USA,United States,35.18944168,-114.053009
CHN,China,35.20888901,111.7386093
USA,United States,35.22200012,-101.8312988
USA,United States,35.22708893,-80.84313202
IRN,"Iran, Islamic Rep.",35.23455048,52.30942154
IRN,"Iran, Islamic Rep.",35.23831177,58.46557999
CHN,China,35.23971939,113.2330627
USA,United States,35.24229813,-87.33473969
CHN,China,35.24306107,115.4411087
IRN,"Iran, Islamic Rep.",35.24399948,60.62250137
KOR,"Korea, Rep.",35.24417114,129.2138824
JPN,Japan,35.25,139.1499939
USA,United States,35.26208115,-81.18730164
USA,United States,35.26266098,-77.58164215
IRN,"Iran, Islamic Rep.",35.27400971,59.21949005
USA,United States,35.29235077,-81.53565216
IRN,"Iran, Islamic Rep.",35.30799866,51.72669983
CHN,China,35.3088913,113.867218
USA,United States,35.31370926,-83.17652893
IRN,"Iran, Islamic Rep.",35.31439972,46.99229813
USA,United States,35.32728958,-96.9253006
USA,United States,35.33951187,-97.48670197
USA,United States,35.36201859,-86.20942688
USA,United States,35.37329102,-119.0187073
USA,United States,35.37791443,-83.21156311
USA,United States,35.38423157,-97.72448731
USA,United States,35.38592148,-94.39855194
CHN,China,35.38999939,111.3075027
CHN,China,35.39300156,110.7129974
CHN,China,35.39471817,116.0883331
CHN,China,35.40499878,116.5813904
USA,United States,35.40710068,-96.85369873
USA,United States,35.40874863,-80.57951355
JPN,Japan,35.41699982,136.7669983
CHN,China,35.42750168,119.4552765
JPN,Japan,35.44417191,139.6380615
USA,United States,35.46755981,-97.51643372
IRQ,Iraq,35.46805954,44.39221954
CHN,China,35.48416519,111.6280594
USA,United States,35.48674011,-96.68502045
CHN,China,35.50222015,112.8327789
USA,United States,35.5067215,-97.76254273
USA,United States,35.51866913,-97.63226318
CHN,China,35.52035904,105.7230072
GRC,Greece,35.53332901,24.14999962
KOR,"Korea, Rep.",35.5414505,128.4950562
IRN,"Iran, Islamic Rep.",35.57291031,53.3971405
USA,United States,35.57570648,-80.81906128
CHN,China,35.58062363,104.6262817
CHN,China,35.58333206,110.6999969
JPN,Japan,35.59999847,140.1000061
CHN,China,35.60028076,103.2063904
USA,United States,35.60094833,-82.55402374
USA,United States,35.61083221,-88.8188858
USA,United States,35.61265945,-77.36634827
CHN,China,35.6135788,111.3565979
USA,United States,35.61452103,-88.81394959
CHN,China,35.61639023,111.2249985
USA,United States,35.6172905,-87.83946991
CHN,China,35.64889145,117.2758331
USA,United States,35.65282822,-97.47810364
IRN,"Iran, Islamic Rep.",35.6595993,51.05929947
IRN,"Iran, Islamic Rep.",35.66590118,50.97669983
JPN,Japan,35.68950653,139.6916962
CHN,China,35.6906395,105.7217026
DZA,Algeria,35.6911087,-0.641669989
IRN,"Iran, Islamic Rep.",35.69438934,51.42150879
CHN,China,35.70278168,115.0052795
DZA,Algeria,35.70582962,4.541940212
USA,United States,35.71126175,-78.61416626
IRN,"Iran, Islamic Rep.",35.71778107,52.06499863
USA,United States,35.74787903,-95.36968994
CHN,China,35.76667023,106.6999969
USA,United States,35.77209854,-78.63861084
USA,United States,35.79153824,-78.7811203
CHN,China,35.79460144,111.5559998
TUN,Tunisia,35.82538986,10.63698959
IRN,"Iran, Islamic Rep.",35.83549881,51.01029968
KOR,"Korea, Rep.",35.84278107,129.2116699
USA,United States,35.8456192,-86.39026642
CHN,China,35.84613037,102.4817123
IRN,"Iran, Islamic Rep.",35.8667984,47.60506058
JPN,Japan,35.86700058,139.6499939
KOR,"Korea, Rep.",35.87028122,128.5911102
USA,United States,35.87785339,-91.75943756
CHN,China,35.8786087,119.9752808
USA,United States,35.88452148,-84.15352631
CHN,China,35.89484024,102.9956207
CHN,China,35.89916992,114.1924973
CHN,China,35.90055847,117.7519379
KOR,"Korea, Rep.",35.91333008,128.8200073
USA,United States,35.91402054,-81.53897858
DZA,Algeria,35.94409943,5.031070232
MLT,Malta,35.95064163,14.41561031
IRN,"Iran, Islamic Rep.",35.95209885,50.60749817
USA,United States,35.96063995,-83.92073822
KOR,"Korea, Rep.",35.97861099,126.7113876
USA,United States,35.97986984,-78.50971985
USA,United States,35.98284149,-86.51860046
KOR,"Korea, Rep.",35.99174881,128.3973236
USA,United States,35.99403,-78.89862061
IRN,"Iran, Islamic Rep.",35.99750137,45.88529968
CHN,China,36.00836182,102.8117905
USA,United States,36.01036072,-84.26963806
CHN,China,36.01666641,106.25
USA,United States,36.03969955,-114.9819412
CHN,China,36.05638886,103.7922211
USA,United States,36.06258011,-94.15743256
IRN,"Iran, Islamic Rep.",36.06666946,50.54999924
IRN,"Iran, Islamic Rep.",36.06959915,49.69589996
USA,United States,36.07263947,-79.79197693
USA,United States,36.07699966,-87.38778687
USA,United States,36.07860184,-115.2114029
USA,United States,36.08046722,-94.2013855
CHN,China,36.08330154,111.5169983
CHN,China,36.08333206,111.5166702
CHN,China,36.08889008,111.5188904
USA,United States,36.09569168,-79.43779755
CHN,China,36.09860992,120.3719406
CHN,China,36.09944153,114.3288879
USA,United States,36.09986115,-80.24421692
USA,United States,36.11273956,-115.2113419
USA,United States,36.11951065,-92.13598633
USA,United States,36.1198616,-80.07364655
KOR,"Korea, Rep.",36.12176132,128.119812
GIB,Gibraltar,36.14474106,-5.352570057
IRN,"Iran, Islamic Rep.",36.146801,49.21799851
USA,United States,36.15179443,-115.1148987
USA,United States,36.15398026,-95.99278259
USA,United States,36.16588974,-86.78443909
IRN,"Iran, Islamic Rep.",36.16830063,54.34799957
USA,United States,36.17496872,-115.1372223
CHN,China,36.18527985,117.1200027
DZA,Algeria,36.19112015,5.413730145
IRQ,Iraq,36.19256973,44.01062012
CHN,China,36.19277954,117.6569366
USA,United States,36.19886017,-115.1175003
TUR,Turkey,36.2065506,36.15721893
CHN,China,36.20711899,113.4172134
IRN,"Iran, Islamic Rep.",36.21260071,57.68191147
IRN,"Iran, Islamic Rep.",36.21300125,49.19599915
IRN,"Iran, Islamic Rep.",36.21329117,58.79576111
USA,United States,36.21398163,-86.51591492
USA,United States,36.21398163,-83.29489136
USA,United States,36.22403336,-83.31307221
CHN,China,36.23332977,113.0833282
IRN,"Iran, Islamic Rep.",36.24991989,46.27349854
IRN,"Iran, Islamic Rep.",36.27970123,50.00490189
DZA,Algeria,36.2863884,7.951109886
CHN,China,36.29000092,100.6200027
IRN,"Iran, Islamic Rep.",36.29700089,59.60620117
USA,United States,36.30477142,-86.62000275
USA,United States,36.31343842,-82.35346985
IRN,"Iran, Islamic Rep.",36.31869888,49.1678009
CHN,China,36.3199997,111.6699982
KOR,"Korea, Rep.",36.32138825,127.4197235
USA,United States,36.33201981,-94.1185379
USA,United States,36.33533859,-92.38516235
TUR,Turkey,36.38123322,34.02965164
IRN,"Iran, Islamic Rep.",36.40090179,47.11330032
IRN,"Iran, Islamic Rep.",36.41819,54.97628021
USA,United States,36.43365097,-99.39038849
CHN,China,36.44388962,115.9647217
USA,United States,36.4486084,-105.5755615
IRN,"Iran, Islamic Rep.",36.46960831,52.35071945
ESP,Spain,36.51543045,-4.885829926
IRN,"Iran, Islamic Rep.",36.52099991,46.20890045
ESP,Spain,36.5336113,-6.299439907
CHN,China,36.53546906,113.0252838
TUR,Turkey,36.54375076,31.99982071
IRN,"Iran, Islamic Rep.",36.54489899,61.15769959
IRN,"Iran, Islamic Rep.",36.55131912,52.67895126
CHN,China,36.55833054,104.2080612
IRN,"Iran, Islamic Rep.",36.56332016,53.06008911
KOR,"Korea, Rep.",36.56555939,128.7250061
CHN,China,36.58333206,109.4833298
CHN,China,36.58333206,111.7166672
USA,United States,36.59648895,-82.18846893
TUR,Turkey,36.59777832,30.56056023
CHN,China,36.60055924,114.4677811
USA,United States,36.60842133,-83.71658325
CHN,China,36.6166687,101.7666702
TUR,Turkey,36.62166977,29.11639023
KOR,"Korea, Rep.",36.63721848,127.4897232
DZA,Algeria,36.63888168,2.768450022
IRN,"Iran, Islamic Rep.",36.64115143,52.91244125
IRN,"Iran, Islamic Rep.",36.64545822,59.12123108
IRN,"Iran, Islamic Rep.",36.65079117,53.29904938
IRN,"Iran, Islamic Rep.",36.65499878,51.42039871
DZA,Algeria,36.66654968,3.096060038
CHN,China,36.66666794,113.4166641
CHN,China,36.66743851,106.1013336
CHN,China,36.66833115,116.9972229
IRN,"Iran, Islamic Rep.",36.67359924,48.47869873
IRN,"Iran, Islamic Rep.",36.6792984,46.56689835
IRN,"Iran, Islamic Rep.",36.68642044,52.52254868
IRN,"Iran, Islamic Rep.",36.69234848,53.55261993
IRN,"Iran, Islamic Rep.",36.70251083,52.6576004
CHN,China,36.70999908,119.1019363
ESP,Spain,36.72016144,-4.420340061
USA,United States,36.72806168,-108.218689
ESP,Spain,36.73392868,-3.690720081
USA,United States,36.74773026,-119.7723694
DZA,Algeria,36.75249863,3.041970015
TUR,Turkey,36.7536087,39.45000076
DZA,Algeria,36.75587082,5.084330082
ESP,Spain,36.75793076,-3.952330112
IRN,"Iran, Islamic Rep.",36.76309967,45.72219849
DZA,Algeria,36.76774979,2.95923996
ESP,Spain,36.77629089,-2.814559937
ESP,Spain,36.7788887,-6.353889942
CHN,China,36.79056168,118.0633316
TUR,Turkey,36.79526138,34.61791992
USA,United States,36.81613922,-100.5198669
IRN,"Iran, Islamic Rep.",36.81626129,50.87376022
TUN,Tunisia,36.81896973,10.1657896
USA,United States,36.83094025,-86.91702271
ESP,Spain,36.83813858,-2.459739923
IRN,"Iran, Islamic Rep.",36.83866119,54.4347496
CHN,China,36.84555817,115.7116699
USA,United States,36.84680939,-76.28521729
TUR,Turkey,36.84722138,40.04999924
USA,United States,36.85292816,-75.97798157
TUR,Turkey,36.85499954,28.27416992
USA,United States,36.86634064,-119.6206894
USA,United States,36.88768387,-89.57758331
DZA,Algeria,36.90000153,7.766670227
TUR,Turkey,36.9081192,30.69556046
CHN,China,36.91666794,111.3333359
ITA,Italy,36.92824173,14.71718979
USA,United States,36.95239258,-86.40039825
IRN,"Iran, Islamic Rep.",36.95529938,45.38800049
IRN,"Iran, Islamic Rep.",36.9693985,46.10269928
CHN,China,36.97583008,120.7136078
USA,United States,36.97875977,-76.4280014
USA,United States,36.9903183,-86.44360352
TUR,Turkey,37.00167084,35.32889175
TUR,Turkey,37.03833008,27.42917061
IRN,"Iran, Islamic Rep.",37.03969955,45.09830093
TUR,Turkey,37.05944061,37.3824997
CHN,China,37.06306076,114.4941711
PRT,Portugal,37.06946182,-8.100640297
IRN,"Iran, Islamic Rep.",37.07645035,57.51008987
CHN,China,37.07693863,79.73166657
TUR,Turkey,37.07780075,41.21780014
USA,United States,37.08422852,-94.51328278
USA,United States,37.08689499,-113.5848618
IRN,"Iran, Islamic Rep.",37.08700943,55.17396927
USA,United States,37.09201813,-84.60411072
TUR,Turkey,37.1049118,28.41666985
IRN,"Iran, Islamic Rep.",37.10599899,58.50954819
USA,United States,37.13053894,-113.5082932
IRN,"Iran, Islamic Rep.",37.13761139,50.2879982
IRQ,Iraq,37.14817047,42.70008087
TUR,Turkey,37.16707993,38.79391861
ESP,Spain,37.18817139,-3.606669903
TUR,Turkey,37.19332886,40.58499908
IRN,"Iran, Islamic Rep.",37.19701004,50.15351105
TUR,Turkey,37.19723892,36.57658005
CHN,China,37.20000076,112.1500015
ESP,Spain,37.20994186,-7.402659893
KOR,"Korea, Rep.",37.23333359,127.1999969
TUR,Turkey,37.23527908,39.76306152
IRN,"Iran, Islamic Rep.",37.25003815,55.16720963
IRN,"Iran, Islamic Rep.",37.25962067,49.94443893
KOR,"Korea, Rep.",37.26666641,127.0166702
USA,United States,37.27096939,-79.94142914
IRN,"Iran, Islamic Rep.",37.28076935,49.58319092
CHN,China,37.28910065,113.3050003
GRC,Greece,37.29999924,22.5
USA,United States,37.3058815,-89.51815033
TUR,Turkey,37.31309128,40.74356842
TUR,Turkey,37.31639099,27.78388977
USA,United States,37.32300186,-122.0321808
USA,United States,37.32328033,-121.9316177
ESP,Spain,37.32423019,-6.680729866
USA,United States,37.3280983,-87.49889374
USA,United States,37.3393898,-121.8949585
ESP,Spain,37.33958817,-3.786509991
USA,United States,37.34033966,-95.26107788
IRN,"Iran, Islamic Rep.",37.3404007,46.05609894
USA,United States,37.35411072,-121.9552383
CHN,China,37.3655014,111.1669998
CHN,China,37.3666687,118.0166702
TUR,Turkey,37.37556076,27.2677803
IRN,"Iran, Islamic Rep.",37.3807106,55.49163818
ESP,Spain,37.38240814,-5.976130009
USA,United States,37.38563919,-121.8852768
ESP,Spain,37.38605881,-6.82679987
CHN,China,37.40000153,97.40000153
USA,United States,37.4059906,-122.0785141
ESP,Spain,37.40880966,-4.485219955
KOR,"Korea, Rep.",37.40999985,127.2572174
USA,United States,37.41208649,-121.9451752
USA,United States,37.4137497,-79.14225006
CHN,China,37.42139053,112.5508347
USA,United States,37.43693543,-122.1936035
KOR,"Korea, Rep.",37.43861008,127.1377792
USA,United States,37.44187927,-122.1430206
CHN,China,37.4486084,116.2925034
CHN,China,37.45333099,110.9018936
CHN,China,37.45639038,118.4855576
ESP,Spain,37.46139908,-3.923010111
USA,United States,37.47159958,-121.1296616
IRN,"Iran, Islamic Rep.",37.47269821,49.46220017
IRN,"Iran, Islamic Rep.",37.47473145,57.32902908
KOR,"Korea, Rep.",37.47721863,126.8663864
TUR,Turkey,37.47750092,40.48806
IRN,"Iran, Islamic Rep.",37.4776001,45.89429855
IRN,"Iran, Islamic Rep.",37.47790146,47.05080032
CHN,China,37.50167084,122.1136093
ITA,Italy,37.5021286,15.08718967
ITA,Italy,37.50693131,13.0839901
CHN,China,37.51666641,111.1500015
USA,United States,37.51797867,-121.9294891
ITA,Italy,37.52613831,13.28985024
CHN,China,37.53332901,121.4000015
USA,United States,37.54557037,-97.26892853
USA,United States,37.54742432,-122.3305893
USA,United States,37.54827118,-121.9885712
IRN,"Iran, Islamic Rep.",37.55273819,45.07604981
USA,United States,37.55376053,-77.46025848
USA,United States,37.56298828,-122.325531
KOR,"Korea, Rep.",37.56826019,126.977829
GRC,Greece,37.58234024,23.39142036
USA,United States,37.58409882,-122.3660812
ESP,Spain,37.58903122,-3.814500093
KOR,"Korea, Rep.",37.59859848,127.1393967
CHN,China,37.59999847,113.7052765
CHN,China,37.60722351,112.3586121
IRN,"Iran, Islamic Rep.",37.6189003,48.5257988
USA,United States,37.62417984,-104.7802582
ITA,Italy,37.64434815,14.40067005
KOR,"Korea, Rep.",37.65639114,126.8349991
CHN,China,37.65999985,111.8399963
USA,United States,37.66881943,-122.0808029
USA,United States,37.67747879,-113.0618896
CHN,China,37.68333435,112.7333298
USA,United States,37.68544006,-97.33574677
USA,United States,37.69224167,-97.33753967
USA,United States,37.69395065,-85.85913086
ESP,Spain,37.70024109,-5.281209946
CHN,China,37.7322197,115.7011108
KOR,"Korea, Rep.",37.74721909,126.4855576
USA,United States,37.74785996,-84.29464722
GRC,Greece,37.75722122,26.97694016
USA,United States,37.77492905,-122.4194183
USA,United States,37.77817154,-81.18816376
USA,United States,37.78087997,-90.42179108
GRC,Greece,37.79138947,20.89528084
USA,United States,37.79742813,-121.2160492
IRN,"Iran, Islamic Rep.",37.80080032,48.90370178
USA,United States,37.82159042,-121.9999619
CHN,China,37.83555985,113.6019363
TUR,Turkey,37.85562134,27.25659943
CHN,China,37.85749817,113.5633316
ESP,Spain,37.86590958,-0.792559981
CHN,China,37.8666687,116.1500015
CHN,China,37.86943817,112.5602798
TUR,Turkey,37.87134934,32.48463821
USA,United States,37.88063049,-84.57299805
USA,United States,37.88576126,-122.1180191
TUR,Turkey,37.89221954,41.16249847
GRC,Greece,37.90000153,22.93333054
CHN,China,37.90000153,112.0333328
KOR,"Korea, Rep.",37.91666794,127.0666656
USA,United States,37.92686844,-121.725769
CHN,China,37.92805481,102.6413879
TKM,Turkmenistan,37.95000076,58.3833313
USA,United States,37.95143127,-91.77127075
USA,United States,37.95769882,-121.2907791
CHN,China,37.96666718,110.9499969
USA,United States,37.97010803,-87.48126984
USA,United States,37.97475815,-87.55584717
GRC,Greece,37.97945023,23.71622086
USA,United States,37.9840889,-120.3821411
ESP,Spain,37.98704147,-1.13004005
USA,United States,37.98868942,-84.47772217
CHN,China,37.99805832,114.0155563
CHN,China,38,106.1999969
USA,United States,38.01074219,-87.57604981
ITA,Italy,38.01583862,12.51076984
USA,United States,38.0279808,-121.8846817
USA,United States,38.02930832,-78.47667694
CHN,China,38.04138947,114.4786072
ESP,Spain,38.04666901,-1.67227006
ITA,Italy,38.05606079,14.58207035
USA,United States,38.06084061,-97.92977142
IRN,"Iran, Islamic Rep.",38.08000183,46.29190064
USA,United States,38.13402939,-97.77809143
TUR,Turkey,38.13613129,39.44929123
ITA,Italy,38.15665054,13.17763996
GRC,Greece,38.18333054,24.20000076
IRN,"Iran, Islamic Rep.",38.19729996,44.76530075
USA,United States,38.20980072,-84.55883026
TUR,Turkey,38.21741104,27.64743996
TUR,Turkey,38.2305603,28.20443916
USA,United States,38.23667145,-76.4972229
GRC,Greece,38.24443817,21.73443985
USA,United States,38.24805832,-105.9488907
IRN,"Iran, Islamic Rep.",38.24980164,48.29330063
USA,United States,38.25423813,-85.75940704
USA,United States,38.25445175,-104.6091385
TUR,Turkey,38.25722122,40.08277893
ESP,Spain,38.26218033,-0.701070011
JPN,Japan,38.26699829,140.8670044
TUR,Turkey,38.28245926,26.37458992
USA,United States,38.28562164,-85.8241272
CHN,China,38.29056168,109.7494431
USA,United States,38.29674149,-85.75995636
GRC,Greece,38.29999924,21.78333092
USA,United States,38.30007935,-83.17407227
TUR,Turkey,38.3013916,29.73860931
USA,United States,38.3031807,-77.46054077
CHN,China,38.31666946,116.8666687
USA,United States,38.31726837,-88.90312195
TUR,Turkey,38.32278061,26.30639076
ESP,Spain,38.34516907,-0.481489986
USA,United States,38.34669876,-111.5547256
USA,United States,38.34981918,-81.63262177
USA,United States,38.36066818,-75.59937286
GRC,Greece,38.36777878,26.13582993
GRC,Greece,38.36917114,21.42917061
GRC,Greece,38.37018967,21.42951965
CHN,China,38.37443924,111.9716568
TUR,Turkey,38.39056015,35.49222183
USA,United States,38.40390015,-96.18166351
USA,United States,38.40602112,-122.7354126
USA,United States,38.40879822,-121.3716202
CHN,China,38.40916824,112.7333298
TUR,Turkey,38.41273117,27.13838005
ESP,Spain,38.41667175,-6.416669846
CHN,China,38.41667175,77.24056244
TUR,Turkey,38.41802979,43.23648834
IRN,"Iran, Islamic Rep.",38.42910004,48.87200165
USA,United States,38.43283081,-90.37761688
IRN,"Iran, Islamic Rep.",38.43289948,45.77489853
TUR,Turkey,38.44815826,39.30844879
CHN,China,38.46805954,106.2730637
IRN,"Iran, Islamic Rep.",38.47740173,47.06990051
USA,United States,38.47840881,-82.63793945
TUR,Turkey,38.49533081,27.6996994
TUR,Turkey,38.49943924,29.68361092
CHN,China,38.51306152,114.9955597
USA,United States,38.52005005,-89.98399353
TJK,Tajikistan,38.53575134,68.77905273
USA,United States,38.5451088,-75.08907318
USA,United States,38.54893875,-86.61998749
IRN,"Iran, Islamic Rep.",38.5503006,44.95209885
PRT,Portugal,38.56666946,-7.900000095
USA,United States,38.57699204,-94.87277985
USA,United States,38.58156967,-121.4944
ESP,Spain,38.59885025,-0.05139
USA,United States,38.60826111,-104.8098984
TUR,Turkey,38.61201859,27.42646027
USA,United States,38.62726975,-90.19789124
USA,United States,38.64123154,-75.61103821
USA,United States,38.65414047,-92.77891541
TUR,Turkey,38.6547699,43.99301148
USA,United States,38.66310883,-90.57707214
TUR,Turkey,38.67351151,29.40579987
USA,United States,38.67646408,-112.1439819
USA,United States,38.67797852,-121.1749802
USA,United States,38.68222046,-104.7008133
CHN,China,38.69889069,116.0936127
CHN,China,38.71527863,112.7574997
PRT,Portugal,38.71667099,-9.133330345
USA,United States,38.72277832,-77.53610992
PRT,Portugal,38.72705841,-9.246709824
USA,United States,38.73173904,-82.99767304
TUR,Turkey,38.7322197,35.48527908
USA,United States,38.75094986,-77.47527313
USA,United States,38.75212097,-121.2880096
USA,United States,38.76279068,-93.73605347
USA,United States,38.77178574,-88.84837341
TKM,Turkmenistan,38.78392029,63.88034821
USA,United States,38.78393936,-90.48123169
CHN,China,38.79666901,106.6722183
USA,United States,38.79994965,-77.54425049
CHN,China,38.79999924,121.2666702
USA,United States,38.80046845,-119.3273773
USA,United States,38.80194855,-94.45272827
USA,United States,38.81061173,-90.69985199
USA,United States,38.82630158,-88.48368073
CHN,China,38.83333206,105.6666641
USA,United States,38.83388138,-104.8213577
USA,United States,38.84027863,-97.61141968
CHN,China,38.85110855,115.4902802
USA,United States,38.85707855,-77.0609436
USA,United States,38.88100815,-77.10427856
USA,United States,38.88140106,-94.81912994
USA,United States,38.88584137,-94.53301239
IRN,"Iran, Islamic Rep.",38.89149857,45.02550125
USA,United States,38.89511108,-77.03636932
GRC,Greece,38.90000153,22.43333054
USA,United States,38.90121841,-77.26525879
USA,United States,38.90156555,-77.05078125
ESP,Spain,38.91611099,-6.343659878
AZE,Azerbaijan,38.92055893,48.23722076
TUR,Turkey,38.93503189,26.93400002
TUR,Turkey,38.93925095,33.53860092
USA,United States,38.95170975,-92.3340683
USA,United States,38.96667099,-94.61689758
ESP,Spain,38.96667099,-0.183329999
USA,United States,38.96955109,-77.38610077
ESP,Spain,38.97974014,-0.686829984
USA,United States,38.98040009,-120.9875031
USA,United States,38.98067093,-76.93692017
USA,United States,38.98223114,-94.67079163
CHN,China,39.00333405,117.7108307
CHN,China,39.02861023,121.6949997
CHN,China,39.04193878,106.3958282
USA,United States,39.04372025,-77.48748779
CHN,China,39.04512024,114.0185776
CHN,China,39.04975128,112.4424515
GRC,Greece,39.04999924,22.95000076
UZB,Uzbekistan,39.05778122,66.83416748
USA,United States,39.06386948,-108.5506516
TUR,Turkey,39.07099915,26.89016914
USA,United States,39.08367157,-84.50855255
USA,United States,39.08399963,-77.15276337
USA,United States,39.09112167,-94.41551209
USA,United States,39.09928131,-76.84831238
USA,United States,39.09973145,-94.57856751
USA,United States,39.10382843,-94.57266998
USA,United States,39.1054306,-84.50215149
USA,United States,39.11417007,-94.62745667
USA,United States,39.11566162,-77.56359863
USA,United States,39.11859894,-94.62539673
GRC,Greece,39.12472153,23.72472
CHN,China,39.14110947,117.0088882
CHN,China,39.14221954,117.1766663
USA,United States,39.14344025,-77.20137024
TUR,Turkey,39.14582825,34.16389084
CHN,China,39.14777756,117.1966705
USA,United States,39.14783859,-94.56887817
GRC,Greece,39.15000153,23.86667061
USA,United States,39.16199875,-84.45688629
USA,United States,39.16379929,-119.7674026
USA,United States,39.16532135,-86.52639008
USA,United States,39.18566132,-78.16333008
USA,United States,39.19636154,-111.6822052
ITA,Italy,39.20737839,9.134619713
ARM,Armenia,39.20753861,46.40576172
USA,United States,39.21435928,-76.87971497
CHN,China,39.23332977,106.7694397
USA,United States,39.26585388,-81.5366745
USA,United States,39.29037857,-76.61219025
USA,United States,39.31111145,-94.92246246
ITA,Italy,39.31138992,8.534999847
USA,United States,39.32923889,-82.10125732
CHN,China,39.33000183,87.61000061
GRC,Greece,39.33332825,23.04999924
USA,United States,39.3642807,-74.42292786
USA,United States,39.36582947,-106.1858292
GRC,Greece,39.3666687,22.94582939
TUR,Turkey,39.39015961,26.84127045
TUR,Turkey,39.39250183,28.13110924
GRC,Greece,39.40000153,21.08333015
USA,United States,39.4015007,-76.60191345
USA,United States,39.41426849,-77.41053772
USA,United States,39.41547012,-119.2246094
USA,United States,39.42008972,-74.49983978
USA,United States,39.42391968,-92.80158234
CHN,China,39.44250107,114.2344437
USA,United States,39.44515991,-82.22575378
USA,United States,39.44894028,-91.05152893
CHN,China,39.45471954,75.97972107
USA,United States,39.46670151,-87.41390991
ESP,Spain,39.46960068,3.148309946
ESP,Spain,39.46974945,-0.377389997
PRT,Portugal,39.48114014,-8.539489746
PRT,Portugal,39.48332977,-8.166669846
USA,United States,39.48508072,-80.14257813
USA,United States,39.49409866,-94.56390381
ESP,Spain,39.5,-0.433329999
GRC,Greece,39.5,22.88332939
TUR,Turkey,39.50040817,26.97269058
CHN,China,39.50971985,116.6947174
USA,United States,39.51506043,-84.39827728
USA,United States,39.51860046,-104.7613602
USA,United States,39.5214386,-85.7769165
USA,United States,39.5349083,-119.7526932
ESP,Spain,39.56938934,2.650239944
USA,United States,39.57487106,-104.8610687
USA,United States,39.57537842,-76.99581146
TUR,Turkey,39.57715988,32.14131928
TUR,Turkey,39.58596039,28.62568092
ITA,Italy,39.59500122,16.5177002
TUR,Turkey,39.5961113,27.02444077
USA,United States,39.59941101,-110.8107071
CHN,China,39.59999847,109.7833328
USA,United States,39.60678101,-75.83326721
USA,United States,39.6130867,-104.8839264
USA,United States,39.6133194,-105.0166473
TUR,Turkey,39.62277985,34.09582901
ESP,Spain,39.62366867,-3.338129997
USA,United States,39.62839127,-84.15937805
CHN,China,39.6333313,118.1833267
GRC,Greece,39.63721848,22.42028046
PRT,Portugal,39.64168167,-8.591899872
USA,United States,39.64181137,-77.71807861
USA,United States,39.64776993,-104.9877625
IRN,"Iran, Islamic Rep.",39.64820099,47.91740036
TUR,Turkey,39.64916992,27.88611031
UZB,Uzbekistan,39.65417099,66.9597168
CHN,China,39.66471863,106.8122177
JPN,Japan,39.68299866,141.1499939
USA,United States,39.68371964,-75.74965668
ESP,Spain,39.68492127,-3.773940086
CHN,China,39.70417023,119.1505585
USA,United States,39.72198868,-86.08998108
UZB,Uzbekistan,39.72277832,64.55166626
USA,United States,39.72848892,-121.8374786
USA,United States,39.72943115,-104.8319168
USA,United States,39.73600006,-75.54653931
USA,United States,39.73800659,-75.550354
USA,United States,39.739151,-104.9847031
PRT,Portugal,39.74362183,-8.807049751
USA,United States,39.74594879,-75.54659271
USA,United States,39.75553894,-105.2210999
USA,United States,39.75894928,-84.19161224
CHN,China,39.76666641,98.56666565
USA,United States,39.76837921,-86.15804291
USA,United States,39.77069855,-86.16069794
USA,United States,39.7765007,-74.86238098
TUR,Turkey,39.77666855,30.52055931
USA,United States,39.78504181,-85.76941681
USA,United States,39.79956055,-75.53993988
USA,United States,39.80171967,-89.64370728
USA,United States,39.80276108,-105.0874786
CHN,China,39.81666946,98.30000305
USA,United States,39.82479858,-79.75449371
USA,United States,39.82894135,-84.89024353
USA,United States,39.83665085,-105.0372009
USA,United States,39.84030914,-88.95480347
ESP,Spain,39.85316086,3.121380091
ESP,Spain,39.85361862,-0.156420007
USA,United States,39.85869217,-74.81012726
TUR,Turkey,39.87543869,38.1135788
USA,United States,39.88145065,-83.09295654
ITA,Italy,39.90306091,8.591939926
CHN,China,39.90750122,116.3972321
TUR,Turkey,39.91986847,32.85427094
USA,United States,39.92053986,-105.086647
TUR,Turkey,39.92053986,40.69520187
USA,United States,39.92422867,-83.80882263
USA,United States,39.9259491,-75.11962128
CHN,China,39.93167114,119.5883331
USA,United States,39.93759155,-77.6611023
CHN,China,39.93917084,116.0916672
USA,United States,39.94034958,-82.01319122
USA,United States,39.94781876,-74.91168213
USA,United States,39.95220184,-75.16410065
USA,United States,39.95233917,-75.16378784
USA,United States,39.95558929,-86.01387024
USA,United States,39.96065903,-75.60549164
USA,United States,39.96118164,-82.99878693
USA,United States,39.96260071,-76.72773743
ARM,Armenia,39.96514893,44.55936813
USA,United States,39.96641922,-105.1541977
USA,United States,39.97261047,-74.58293152
USA,United States,39.97776032,-105.1319275
USA,United States,39.97978973,-83.04074097
ESP,Spain,40.00112152,3.841439962
CHN,China,40.00249863,113.1263886
CHN,China,40.00999832,112.75
USA,United States,40.01499176,-105.2705536
USA,United States,40.03340149,-83.1582489
TUR,Turkey,40.0336113,29.66472054
USA,United States,40.03787994,-76.30551148
USA,United States,40.03950119,-84.20327759
ESP,Spain,40.05286026,-3.99090004
TUR,Turkey,40.06193924,38.60667038
TUR,Turkey,40.07806015,29.51333046
USA,United States,40.07923508,-82.94056702
CHN,China,40.09360886,113.2913895
USA,United States,40.09923172,-83.11408234
CHN,China,40.10972214,113.1222229
USA,United States,40.11299896,-111.6735001
USA,United States,40.11495972,-111.6549225
USA,United States,40.11642075,-88.24337769
USA,United States,40.1244812,-87.63002014
USA,United States,40.12617111,-82.92906952
CHN,China,40.12916946,124.394722
TUR,Turkey,40.14556122,26.40638924
PRT,Portugal,40.15084839,-8.861789703
ARM,Armenia,40.15876007,44.43915939
ARM,Armenia,40.18111038,44.51361084
TUR,Turkey,40.19166946,29.06110954
USA,United States,40.19337845,-85.38636017
USA,United States,40.20148087,-77.18887329
PRT,Portugal,40.20563889,-8.419549942
USA,United States,40.21704865,-74.74294281
USA,United States,40.22052002,-111.6931381
USA,United States,40.23384094,-111.6585312
USA,United States,40.24098587,-75.1314621
USA,United States,40.26010895,-74.27375794
ARM,Armenia,40.26741028,44.62656021
GRC,Greece,40.27193832,22.50250053
USA,United States,40.27370071,-76.8844223
USA,United States,40.27947998,-86.51084137
TJK,Tajikistan,40.28527069,69.62792206
USA,United States,40.28617859,-78.86797333
USA,United States,40.2969017,-111.6946487
USA,United States,40.29867172,-83.06796265
USA,United States,40.30427933,-74.10041809
USA,United States,40.30708695,-78.94080353
USA,United States,40.31412125,-112.0068817
ARM,Armenia,40.32886887,43.91847992
USA,United States,40.33253861,-75.11663818
USA,United States,40.3356514,-75.92687225
USA,United States,40.34900284,-74.4417038
ITA,Italy,40.37329102,16.8076191
AZE,Azerbaijan,40.37767029,49.89200974
USA,United States,40.38019943,-111.9909973
ARM,Armenia,40.38428116,43.87387085
USA,United States,40.39162064,-111.850769
USA,United States,40.3956337,-74.11058807
CHN,China,40.40000153,95.76667023
USA,United States,40.41270065,-74.2525177
GRC,Greece,40.41638947,22.60277939
ESP,Spain,40.41650009,-3.702559948
USA,United States,40.42118073,-79.7881012
USA,United States,40.42330933,-104.7091293
USA,United States,40.42488098,-79.98095703
USA,United States,40.44062042,-79.99588776
USA,United States,40.44432068,-79.95491791
ALB,Albania,40.46667099,19.48971939
ITA,Italy,40.47610855,17.22971916
USA,United States,40.47748184,-104.9013596
USA,United States,40.48979187,-81.44567108
ARM,Armenia,40.49747849,44.76620102
USA,United States,40.51411057,-112.0329895
USA,United States,40.5141983,-88.9906311
USA,United States,40.52188873,-111.9391022
UZB,Uzbekistan,40.52861023,70.94249725
KGZ,Kyrgyz Republic,40.52944183,72.79000092
USA,United States,40.53078079,-112.2982788
USA,United States,40.53972244,-74.46639252
USA,United States,40.55451584,-74.46016693
USA,United States,40.56216812,-111.929657
USA,United States,40.56968308,-111.8543396
USA,United States,40.56989288,-79.75081635
USA,United States,40.57204056,-111.8605576
USA,United States,40.58654022,-122.3916779
GRC,Greece,40.59999847,22.5
TUR,Turkey,40.60198975,43.09495163
USA,United States,40.60815811,-74.27764893
USA,United States,40.60842896,-75.49018097
USA,United States,40.60966873,-111.9391022
ITA,Italy,40.61090851,14.98515034
USA,United States,40.6110611,-111.8999405
USA,United States,40.61885834,-111.8212204
TUR,Turkey,40.62015152,29.22536087
ESP,Spain,40.6333313,-3.166670084
GRC,Greece,40.64028168,22.94388962
GRC,Greece,40.64056015,22.95944023
UZB,Uzbekistan,40.64139175,72.23722076
USA,United States,40.65010071,-73.94957733
ARM,Armenia,40.65013123,43.97755814
CHN,China,40.65222168,109.8222198
USA,United States,40.65467835,-74.00572205
USA,United States,40.65483093,-73.67179871
GRC,Greece,40.65694046,22.89999962
PRT,Portugal,40.66101074,-7.90970993
USA,United States,40.66399002,-74.21070099
CHN,China,40.66482163,122.2283325
USA,United States,40.66688919,-111.8879929
ITA,Italy,40.67797089,14.76599026
USA,United States,40.68677139,-73.37345123
TUR,Turkey,40.69141007,30.26737976
TUR,Turkey,40.69144058,29.6156807
USA,United States,40.69160843,-112.0010529
USA,United States,40.69364929,-89.58898926
USA,United States,40.69565964,-73.32568359
USA,United States,40.69945908,-99.08148193
USA,United States,40.71408081,-74.00627899
USA,United States,40.71427155,-74.00596619
USA,United States,40.71485901,-111.8916626
ESP,Spain,40.71577835,-4.074019909
USA,United States,40.71993637,-74.00501251
USA,United States,40.73132324,-73.99008942
USA,United States,40.73566055,-74.17237091
USA,United States,40.7425499,-84.10523224
USA,United States,40.75016403,-73.99788666
CHN,China,40.75241852,120.8355179
USA,United States,40.75397873,-111.8817215
USA,United States,40.75416946,-89.60119629
USA,United States,40.755867,-96.6960144
USA,United States,40.75838852,-82.51544952
USA,United States,40.76078033,-111.8910522
USA,United States,40.76412964,-73.51896668
CHN,China,40.76666641,107.4000015
TUR,Turkey,40.76694107,29.91694069
USA,United States,40.76777649,-74.03009033
USA,United States,40.7684288,-73.52513123
TUR,Turkey,40.77017975,34.89838028
ARM,Armenia,40.7800293,43.90026856
TUR,Turkey,40.78055954,30.40332985
USA,United States,40.78084183,-99.74150085
USA,United States,40.78274918,-76.23457336
UZB,Uzbekistan,40.78305817,72.34388733
TUR,Turkey,40.78833008,37.60166931
USA,United States,40.7887001,-96.71440125
USA,United States,40.79001236,-74.06208038
ARM,Armenia,40.7942009,43.84527969
USA,United States,40.7967186,-74.05532074
USA,United States,40.79676819,-74.48153687
USA,United States,40.7989502,-81.37844849
USA,United States,40.79999924,-96.66696167
USA,United States,40.80038071,-72.78981781
TUR,Turkey,40.80276108,29.43067932
USA,United States,40.8042717,-74.01207733
USA,United States,40.80506134,-81.93514252
USA,United States,40.80892944,-75.61833954
CHN,China,40.81000137,114.8794403
CHN,China,40.81055832,111.6522217
USA,United States,40.81157303,-73.95380402
ESP,Spain,40.81248856,0.521600008
USA,United States,40.81914139,-96.71071625
USA,United States,40.82698822,-73.82328033
ITA,Italy,40.83332825,14.25
TUR,Turkey,40.83889008,31.16389084
UZB,Uzbekistan,40.84471893,69.59832764
CHN,China,40.85388947,107.4277802
USA,United States,40.85593033,-73.20066834
USA,United States,40.85842896,-74.16375732
USA,United States,40.86019898,-79.71659851
USA,United States,40.88591766,-123.5406647
USA,United States,40.88938904,-111.8807678
USA,United States,40.89318085,-89.03568268
GRC,Greece,40.89556122,26.17000008
USA,United States,40.91149139,-73.78234863
TUR,Turkey,40.91698074,38.38740921
ESP,Spain,40.92454147,-2.924679995
USA,United States,40.92501068,-98.3420105
USA,United States,40.92760086,-73.99736023
USA,United States,40.93120956,-73.89875031
KGZ,Kyrgyz Republic,40.93333054,73
USA,United States,40.9487114,-73.73262787
ESP,Spain,40.96667099,-5.650000095
CHN,China,40.97249985,117.9361115
UZB,Uzbekistan,40.99425888,71.66091919
UZB,Uzbekistan,40.99829865,71.67256928
CHN,China,41,113.1333313
USA,United States,41.00366974,-80.34700775
TUR,Turkey,41.00500107,39.72694016
USA,United States,41.00510025,-73.78457642
USA,United States,41.01314926,-74.26431274
TUR,Turkey,41.01383972,28.94965935
TUR,Turkey,41.02082825,40.52193832
TUR,Turkey,41.02119827,39.57146072
CHN,China,41.02750015,113.1058273
MKD,North Macedonia,41.03110886,21.34028053
USA,United States,41.03242111,-81.73345947
USA,United States,41.03287888,-73.84291077
USA,United States,41.04421997,-83.64993286
TUR,Turkey,41.04582977,39.27639008
USA,United States,41.05342865,-73.53872681
USA,United States,41.06352615,-81.52159882
USA,United States,41.06394959,-80.05644989
ARM,Armenia,41.06777954,44.39627838
CHN,China,41.06959152,122.5985107
USA,United States,41.08143997,-81.51901245
USA,United States,41.085392,-73.54312134
USA,United States,41.09648132,-73.97292328
USA,United States,41.09978104,-80.64952087
USA,United States,41.10145187,-81.44178009
CHN,China,41.10778046,121.1416702
USA,United States,41.11177445,-104.8612289
ESP,Spain,41.11474991,-1.414919972
ESP,Spain,41.1166687,1.25
CHN,China,41.1166687,122.0500031
MKD,North Macedonia,41.11722183,20.80194092
ITA,Italy,41.11772919,16.85117912
USA,United States,41.11922836,-78.76003265
USA,United States,41.12002945,-87.86115265
ESP,Spain,41.1217308,-0.511420012
GRC,Greece,41.12277985,25.39639092
CHN,China,41.12305832,80.26444244
CHN,China,41.12361145,122.9899979
USA,United States,41.12388992,-100.765419
USA,United States,41.12862015,-81.85578156
ITA,Italy,41.12952042,14.78614044
USA,United States,41.13059998,-85.12886047
USA,United States,41.13666916,-95.89083862
USA,United States,41.13811112,-84.580513
GRC,Greece,41.14139175,24.88360977
USA,United States,41.14276123,-102.9779816
PRT,Portugal,41.14960861,-8.610989571
USA,United States,41.15444183,-96.04223633
GRC,Greece,41.15444183,24.13944054
USA,United States,41.15865326,-80.73108673
TUR,Turkey,41.15916824,27.79999924
GRC,Greece,41.16278076,22.79888916
GRC,Greece,41.16667175,24.21666908
USA,United States,41.16704178,-73.20482636
MKD,North Macedonia,41.17805862,20.67610931
ESP,Spain,41.2159195,-2.274699926
TUR,Turkey,41.21916962,31.95582962
USA,United States,41.22299957,-111.9738312
ESP,Spain,41.22391892,1.725110054
MKD,North Macedonia,41.23860931,20.77667046
USA,United States,41.2400589,-81.4406662
USA,United States,41.24119186,-77.00108337
USA,United States,41.2425499,-82.61573029
USA,United States,41.24922943,-78.79946899
USA,United States,41.25860977,-95.93778992
TUR,Turkey,41.26161957,31.42623329
GEO,Georgia,41.26457977,43.59159851
UZB,Uzbekistan,41.26464844,69.21627045
CHN,China,41.27193832,123.1730576
TUR,Turkey,41.28499985,28.00028038
TUR,Turkey,41.28667069,36.33000183
CHN,China,41.28860855,123.7649994
TUR,Turkey,41.30582809,32.14234161
ITA,Italy,41.31182861,16.29076958
ALB,Albania,41.32305908,19.44138908
ALB,Albania,41.32749939,19.81888962
KGZ,Kyrgyz Republic,41.34611893,72.21707916
TUR,Turkey,41.34917069,41.30693817
USA,United States,41.35033035,-83.12185669
USA,United States,41.3683815,-82.10765076
USA,United States,41.36869812,-74.70015717
UZB,Uzbekistan,41.37221909,69.38166809
USA,United States,41.37477112,-83.65132141
USA,United States,41.37866974,-79.70394135
ESP,Spain,41.38879013,2.158989906
USA,United States,41.39482117,-73.45401001
TUR,Turkey,41.40597153,41.43787003
USA,United States,41.40896988,-75.66240692
USA,United States,41.41119385,-75.66454315
USA,United States,41.41559982,-81.92346954
TUR,Turkey,41.4263916,32.07556152
USA,United States,41.42972946,-97.36837769
USA,United States,41.43182755,-87.98464203
MKD,North Macedonia,41.43305969,22.01194
USA,United States,41.43333054,-96.49807739
USA,United States,41.43583298,-90.90444183
GEO,Georgia,41.44794083,44.53837967
USA,United States,41.44894028,-82.70796204
USA,United States,41.45000076,-74.41000366
KAZ,Kazakhstan,41.45000076,69.16667175
TUR,Turkey,41.45138931,31.79305077
USA,United States,41.45281982,-82.18237305
USA,United States,41.45937347,-90.16280365
ITA,Italy,41.46092987,15.54924965
UZB,Uzbekistan,41.46889114,69.58222199
ESP,Spain,41.47798157,1.612220049
USA,United States,41.48199081,-81.79818726
MKD,North Macedonia,41.48389053,22.08917046
USA,United States,41.49950028,-81.69541168
ESP,Spain,41.5,-5.75
USA,United States,41.50086975,-90.44429779
USA,United States,41.50342941,-74.01042175
USA,United States,41.50614929,-87.63559723
USA,United States,41.50669861,-90.51512909
USA,United States,41.51197815,-87.96560669
USA,United States,41.51555252,-71.28492737
USA,United States,41.52363968,-90.57763672
USA,United States,41.52426148,-72.07591248
USA,United States,41.52502823,-88.0817337
USA,United States,41.5322609,-87.25504303
GEO,Georgia,41.54949188,44.99322891
USA,United States,41.55725861,-87.66560364
USA,United States,41.55815125,-73.05149841
USA,United States,41.57337189,-87.78449249
USA,United States,41.58227158,-85.83444214
BGR,Bulgaria,41.58528137,24.69194031
USA,United States,41.58687592,-93.76664734
USA,United States,41.60054016,-93.60910797
ALB,Albania,41.61027908,20.00889015
USA,United States,41.62696838,-88.20394898
USA,United States,41.63621903,-70.93419647
USA,United States,41.64144135,-80.15145111
GEO,Georgia,41.64159012,41.63592911
USA,United States,41.6436615,-83.48687744
ESP,Spain,41.6466217,2.741349936
ESP,Spain,41.65518189,-4.723720074
ESP,Spain,41.65605927,-0.877340019
USA,United States,41.66394043,-83.5552063
USA,United States,41.66616058,-81.3395462
USA,United States,41.67176056,-72.94927216
USA,United States,41.67370606,-86.25272369
USA,United States,41.67995071,-79.87488556
USA,United States,41.68281174,-88.35146332
USA,United States,41.68338013,-86.25000763
UZB,Uzbekistan,41.6911087,60.75249863
GEO,Georgia,41.69277954,44.80154038
GEO,Georgia,41.69411087,44.8336792
GEO,Georgia,41.69472122,44.6986084
USA,United States,41.70037079,-73.9209671
USA,United States,41.71086884,-87.75811005
MKD,North Macedonia,41.71556091,21.77556038
ESP,Spain,41.7249794,1.82656002
CHN,China,41.72777939,82.93639374
USA,United States,41.72970963,-93.6057663
TUR,Turkey,41.73508072,27.22521019
USA,United States,41.73548889,-111.8343887
GEO,Georgia,41.73611069,44.96472168
USA,United States,41.74049377,-74.09350586
KAZ,Kazakhstan,41.75888825,69.38639069
CHN,China,41.75971985,86.14694214
USA,United States,41.76057816,-88.32006836
USA,United States,41.76371002,-72.68508911
USA,United States,41.77981949,-71.43727875
ESP,Spain,41.78332901,3.033329964
USA,United States,41.79151154,-88.16327667
CHN,China,41.79222107,123.4327774
USA,United States,41.79504013,-87.97265625
USA,United States,41.80083466,-87.93694305
CHN,China,41.80693817,126.9077835
USA,United States,41.81370926,-71.37004852
USA,United States,41.82398987,-71.41282654
GEO,Georgia,41.82458115,44.7536087
USA,United States,41.83892059,-89.47955322
UZB,Uzbekistan,41.84606934,60.9474411
USA,United States,41.84999847,-87.65000153
USA,United States,41.85002899,-87.6500473
USA,United States,41.86505127,-80.78981018
USA,United States,41.86719894,-87.62590027
KGZ,Kyrgyz Republic,41.87078857,72.94020081
USA,United States,41.87226868,-85.19470215
USA,United States,41.87614822,-87.65206909
USA,United States,41.87820053,-87.62539673
USA,United States,41.8787117,-71.38256073
USA,United States,41.87919998,-87.84311676
GEO,Georgia,41.89315033,45.57128906
ITA,Italy,41.89474106,12.48390007
USA,United States,41.89889908,-87.65619659
BGR,Bulgaria,41.91667175,25.35000038
ESP,Spain,41.91738129,3.163100004
GEO,Georgia,41.91978073,45.47314835
USA,United States,41.9270401,-73.99736023
FRA,France,41.92723084,8.734620094
MNE,Montenegro,41.92935944,19.22435951
ESP,Spain,41.93011856,2.254859924
BGR,Bulgaria,41.94028091,25.56944084
CHN,China,41.94306183,126.4286118
USA,United States,41.94453812,-71.28560638
CHN,China,41.94755936,127.5908432
RUS,Russian Federation,41.94985962,47.94853973
MKD,North Macedonia,41.96749878,21.03471947
GEO,Georgia,41.9842186,44.11577988
ITA,Italy,41.9888382,14.98952961
GEO,Georgia,41.99414063,43.59994125
USA,United States,41.99946976,-88.14507294
MKD,North Macedonia,42,21.43333054
USA,United States,42.0083313,-91.64407349
CHN,China,42.01556015,121.6588898
USA,United States,42.0189209,-87.80284119
USA,United States,42.02125549,-71.22020721
MKD,North Macedonia,42.02639008,21.56193924
USA,United States,42.03335953,-87.88339996
USA,United States,42.03335953,-87.73339081
USA,United States,42.03416824,-91.59767914
USA,United States,42.03470993,-93.61994171
USA,United States,42.03725052,-88.28118897
CAN,Canada,42.03759003,-82.73872376
USA,United States,42.04114151,-87.69006348
USA,United States,42.04272842,-87.79278565
USA,United States,42.04280853,-88.07980347
CAN,Canada,42.05009079,-82.59980774
CHN,China,42.05860901,86.56832886
CHN,China,42.06472015,127.3558273
RUS,Russian Federation,42.06779862,48.28987122
ALB,Albania,42.07693863,20.42193985
USA,United States,42.07756043,-78.42974091
USA,United States,42.08343124,-71.01837921
USA,United States,42.09869003,-75.91796875
USA,United States,42.10147858,-72.58981323
USA,United States,42.11029816,-88.03424072
MNE,Montenegro,42.11555862,19.08832932
USA,United States,42.12509155,-72.74954224
MKD,North Macedonia,42.13222122,21.71443939
GEO,Georgia,42.14616013,41.67197037
BGR,Bulgaria,42.15000153,24.75
GEO,Georgia,42.15370178,42.33517075
USA,United States,42.16210938,-93.3070755
CHN,China,42.18711853,116.48909
USA,United States,42.19158936,-112.2508011
BGR,Bulgaria,42.20000076,24.33333015
USA,United States,42.20703888,-71.68562317
ITA,Italy,42.21483994,14.43922043
USA,United States,42.22486877,-121.7816696
ESP,Spain,42.2328186,-8.722640038
BGR,Bulgaria,42.23424149,27.77490044
USA,United States,42.24113083,-88.31620026
USA,United States,42.24586868,-84.40135193
GEO,Georgia,42.2496109,42.69974136
USA,United States,42.25059128,-83.17854309
USA,United States,42.2528801,-71.00227356
USA,United States,42.25862885,-87.84062195
ITA,Italy,42.26194,14.30751038
ESP,Spain,42.26198959,3.176889896
USA,United States,42.2630806,-88.00396729
ESP,Spain,42.26644898,2.961630106
GEO,Georgia,42.27042007,42.06750107
USA,United States,42.27112961,-89.09400177
USA,United States,42.27756119,-83.74088287
USA,United States,42.27814102,-74.91599274
BGR,Bulgaria,42.28388977,22.69111061
USA,United States,42.29058838,-85.41777039
USA,United States,42.2917099,-85.58722687
BGR,Bulgaria,42.29999924,24.96666908
BGR,Bulgaria,42.29999924,25.93333054
KAZ,Kazakhstan,42.29999924,69.59999847
CAN,Canada,42.30007935,-83.01654053
USA,United States,42.32651901,-122.8755875
USA,United States,42.32785034,-77.6611023
FRA,France,42.33095932,9.491120338
USA,United States,42.33142853,-83.04575348
ESP,Spain,42.33332825,-7.849999905
USA,United States,42.33335877,-88.26674652
USA,United States,42.33554077,-77.31815338
USA,United States,42.34835434,-71.07373047
USA,United States,42.35081863,-71.11842346
USA,United States,42.35600662,-73.80660248
USA,United States,42.35842896,-71.05976868
USA,United States,42.36507797,-71.10452271
USA,United States,42.37509918,-71.10561371
USA,United States,42.37649155,-71.23561096
CAN,Canada,42.38095093,-82.21873474
SRB,Serbia,42.38682175,21.73399925
ITA,Italy,42.41783142,12.10855961
ESP,Spain,42.41822052,-2.728650093
MNE,Montenegro,42.42066956,18.76824951
KAZ,Kazakhstan,42.42522812,68.79499054
ESP,Spain,42.43099976,-8.644350052
ESP,Spain,42.43159866,1.928189993
USA,United States,42.43901062,-123.328392
USA,United States,42.44063187,-76.49661255
ITA,Italy,42.44081116,11.21961975
MNE,Montenegro,42.4411087,19.26361084
USA,United States,42.44736099,-114.5382004
MNE,Montenegro,42.45333099,18.65555954
MNE,Montenegro,42.45417023,18.76832962
SRB,Serbia,42.46044922,21.46986008
USA,United States,42.46675873,-70.94949341
USA,United States,42.46836853,-82.95546722
USA,United States,42.47753906,-83.02770233
USA,United States,42.47925949,-71.15228272
USA,United States,42.48059082,-83.47548676
USA,United States,42.48587036,-83.10520172
USA,United States,42.48749161,-96.48641968
USA,United States,42.48947907,-83.14465332
KGZ,Kyrgyz Republic,42.4906807,78.39362335
USA,United States,42.49435806,-96.39299011
MNE,Montenegro,42.49721909,18.65806007
USA,United States,42.49726105,-82.93714142
KGZ,Kyrgyz Republic,42.4994812,78.52702332
USA,United States,42.49998856,-96.4003067
USA,United States,42.50056076,-90.66457367
RUS,Russian Federation,42.50471878,47.0661087
BGR,Bulgaria,42.50606155,27.46780968
AND,Andorra,42.50728989,1.534139991
USA,United States,42.50835037,-89.03177643
GEO,Georgia,42.50880051,41.87088013
GEO,Georgia,42.52111054,43.16222
SRB,Serbia,42.5216713,21.1258297
ESP,Spain,42.52571106,-2.408279896
USA,United States,42.52787018,-70.92865753
AND,Andorra,42.54277039,1.733610034
USA,United States,42.5596199,-114.6225586
USA,United States,42.56017685,-83.12026978
USA,United States,42.56296921,-114.4608688
RUS,Russian Federation,42.5680809,47.56578827
RUS,Russian Federation,42.56954956,47.86447144
ESP,Spain,42.5748291,-1.28283
USA,United States,42.58031082,-83.03019714
RUS,Russian Federation,42.59486008,46.33929825
USA,United States,42.59725952,-82.87798309
KAZ,Kazakhstan,42.59944153,69.26332855
USA,United States,42.59981155,-71.36727905
BGR,Bulgaria,42.59999847,23.03333092
USA,United States,42.60559082,-83.14993286
AND,Andorra,42.61858749,1.538869977
GEO,Georgia,42.62654877,41.73807907
USA,United States,42.63341904,-71.31616974
KGZ,Kyrgyz Republic,42.64944077,77.0822525
USA,United States,42.65258026,-73.75623322
BGR,Bulgaria,42.65921021,27.73601914
BGR,Bulgaria,42.66667175,23.60000038
SRB,Serbia,42.67272186,21.16687965
USA,United States,42.68278885,-89.01872253
BGR,Bulgaria,42.68333054,23.70000076
RUS,Russian Federation,42.68581009,46.86392975
USA,United States,42.68753052,-83.23410034
ESP,Spain,42.69604874,-8.246529579
BGR,Bulgaria,42.69750977,23.32415009
FRA,France,42.69763947,2.895410061
BGR,Bulgaria,42.70000076,27.25
BGR,Bulgaria,42.71360016,27.75867081
RUS,Russian Federation,42.72748947,47.67845917
USA,United States,42.72840881,-73.69178772
USA,United States,42.73254013,-84.55552673
USA,United States,42.73698044,-84.48387146
RUS,Russian Federation,42.74020004,47.69139862
BGR,Bulgaria,42.75,23.20000076
MNE,Montenegro,42.77310181,18.94445992
USA,United States,42.78752136,-86.1089325
CHN,China,42.79999924,93.44999695
ESP,Spain,42.81687164,-1.643229961
RUS,Russian Federation,42.81900024,47.11920166
USA,United States,42.81945038,-114.8848114
ITA,Italy,42.82514191,12.77377033
KGZ,Kyrgyz Republic,42.82944107,74.10829926
RUS,Russian Federation,42.83332825,132.8947144
USA,United States,42.84062576,-106.3208771
ESP,Spain,42.84999847,-2.666670084
KGZ,Kyrgyz Republic,42.85401154,74.30256653
USA,United States,42.86423111,-78.2802887
KGZ,Kyrgyz Republic,42.86999893,74.58999634
USA,United States,42.87129974,-112.4455338
RUS,Russian Federation,42.88164902,47.63919067
USA,United States,42.8824997,-78.87879944
KGZ,Kyrgyz Republic,42.88454056,74.67819214
USA,United States,42.88645172,-78.87837219
KGZ,Kyrgyz Republic,42.88777924,75.08499908
BGR,Bulgaria,42.90000153,23.78333092
BGR,Bulgaria,42.90000153,25.31666946
KAZ,Kazakhstan,42.90000153,71.3666687
CHN,China,42.90361023,125.1358337
USA,United States,42.90975189,-85.76309204
USA,United States,42.91056824,-87.86064148
BGR,Bulgaria,42.91667175,24.26667023
ITA,Italy,42.92633057,10.76161957
USA,United States,42.93172836,-76.56604767
CHN,China,42.93333054,89.16667175
RUS,Russian Federation,42.94422913,47.49526978
BIH,Bosnia and Herzegovina,42.95082855,18.0886097
USA,United States,42.96335983,-85.66809082
RUS,Russian Federation,42.96434021,46.11577988
RUS,Russian Federation,42.96894836,47.35202026
RUS,Russian Federation,42.9763794,47.5023613
USA,United States,42.97958756,-77.42464447
CAN,Canada,42.98292542,-81.24943543
CAN,Canada,42.98339081,-81.23303986
USA,United States,42.9956398,-71.45478821
SRB,Serbia,42.99805832,21.94610977
USA,United States,42.99921036,-87.94538117
GEO,Georgia,43.00696945,40.98929977
USA,United States,43.0116806,-88.23148346
USA,United States,43.01253128,-83.68746185
BGR,Bulgaria,43.02582932,25.11360931
RUS,Russian Federation,43.03667069,44.66778183
USA,United States,43.03889847,-87.90647125
RUS,Russian Federation,43.04222107,44.22222138
FRA,France,43.04513931,1.62804997
GEO,Georgia,43.0458107,42.72779846
USA,United States,43.04811859,-76.14742279
USA,United States,43.04946137,-88.00759125
GEO,Georgia,43.08055878,40.83832932
BGR,Bulgaria,43.08124161,25.62903976
USA,United States,43.08312988,-73.78456879
USA,United States,43.08857346,-77.43276978
USA,United States,43.0945015,-79.05670929
USA,United States,43.09780884,-85.22891235
CAN,Canada,43.09809113,-79.07304382
USA,United States,43.10089874,-75.23265839
SRB,Serbia,43.10388947,20.80278015
RUS,Russian Federation,43.10562134,131.8735352
USA,United States,43.11642838,-77.55719757
FRA,France,43.1166687,5.933330059
RUS,Russian Federation,43.12028122,45.74055862
RUS,Russian Federation,43.12250137,132.3583374
USA,United States,43.12429428,-87.94537354
RUS,Russian Federation,43.1286087,45.5430603
ESP,Spain,43.13337326,-4.575661182
USA,United States,43.14720154,-88.11820221
USA,United States,43.15356827,-93.20104218
MNE,Montenegro,43.15422821,19.12324905
USA,United States,43.15478134,-77.61556244
GEO,Georgia,43.16197968,40.34101868
RUS,Russian Federation,43.16204834,47.05585098
USA,United States,43.16490173,-78.7024765
CAN,Canada,43.16680908,-79.24958038
ITA,Italy,43.1702385,11.77943993
USA,United States,43.17060852,-78.69030762
USA,United States,43.17557526,-77.56136322
USA,United States,43.19472122,-88.72898865
BIH,Bosnia and Herzegovina,43.19694138,17.54500008
RUS,Russian Federation,43.20697022,46.86790085
FRA,France,43.20724106,1.228620052
RUS,Russian Federation,43.20999908,46.27999878
USA,United States,43.21284866,-75.45572662
USA,United States,43.21649933,-123.3417435
BGR,Bulgaria,43.21667099,27.91666985
RUS,Russian Federation,43.22610855,44.76499939
USA,United States,43.2294693,-83.1966095
FRA,France,43.23332977,0.083329998
CAN,Canada,43.23340988,-79.94963837
USA,United States,43.23418045,-86.2483902
RUS,Russian Federation,43.23638916,46.72665024
USA,United States,43.2364006,-87.98452759
BIH,Bosnia and Herzegovina,43.23749924,17.48389053
RUS,Russian Federation,43.24031067,44.47520828
RUS,Russian Federation,43.25,46.58805847
KAZ,Kazakhstan,43.25,76.94999695
ESP,Spain,43.26271057,-2.925280094
ESP,Spain,43.2859993,-2.869999886
RUS,Russian Federation,43.28871918,46.66527176
FRA,France,43.29695129,5.381070137
USA,United States,43.29840851,-72.48230743
GEO,Georgia,43.30387116,40.25614166
KAZ,Kazakhstan,43.30443955,77.23278046
RUS,Russian Federation,43.30582809,132.081665
RUS,Russian Federation,43.30833054,45.70027924
ESP,Spain,43.31283188,-1.97499001
RUS,Russian Federation,43.32110977,45.05221939
SRB,Serbia,43.32471848,21.90332985
CAN,Canada,43.33116913,-79.80607605
RUS,Russian Federation,43.33721924,45.74222183
ESP,Spain,43.33903885,-1.789379954
BIH,Bosnia and Herzegovina,43.34333038,17.80805969
BIH,Bosnia and Herzegovina,43.35499954,17.35388947
KAZ,Kazakhstan,43.35520172,77.45245361
RUS,Russian Federation,43.35694122,46.10528183
ESP,Spain,43.36029053,-5.844759941
ESP,Spain,43.37134934,-8.395999908
KAZ,Kazakhstan,43.37361145,76.94000244
BIH,Bosnia and Herzegovina,43.3833313,17.59277916
RUS,Russian Federation,43.3833313,131.9916687
ESP,Spain,43.38508987,-4.399340153
KAZ,Kazakhstan,43.40055847,77.59333038
RUS,Russian Federation,43.40333176,45.5261116
ITA,Italy,43.40385819,13.55978012
BGR,Bulgaria,43.41667175,24.61667061
CAN,Canada,43.41678619,-80.36142731
USA,United States,43.41947174,-83.95081329
CAN,Canada,43.42536926,-80.51119995
RUS,Russian Federation,43.42895889,39.92390823
RUS,Russian Federation,43.44564819,41.74480057
RUS,Russian Federation,43.46004868,39.92377091
ITA,Italy,43.46139145,11.87691021
RUS,Russian Federation,43.4630394,39.9670105
ESP,Spain,43.46472168,-3.804440022
USA,United States,43.46657944,-112.0341415
CAN,Canada,43.48228836,-80.53792572
FRA,France,43.48332977,-1.483330011
RUS,Russian Federation,43.49805832,43.61888886
USA,United States,43.50091934,-70.44283295
ITA,Italy,43.50835037,11.71813965
HRV,Croatia,43.50891113,16.43914986
USA,United States,43.52785111,-71.47035217
BIH,Bosnia and Herzegovina,43.5288887,17.28194046
BGR,Bulgaria,43.53332901,26.51667023
USA,United States,43.53583145,-109.6358337
USA,United States,43.54072189,-116.5634613
ITA,Italy,43.54264069,10.31599999
USA,United States,43.5639534,-96.79985046
SRB,Serbia,43.56483841,22.25023079
FRA,France,43.56666946,1.666669965
BGR,Bulgaria,43.56666946,27.83333015
MNG,Mongolia,43.5708313,104.4250031
FRA,France,43.57202148,2.012269974
USA,United States,43.57364655,-116.2904129
CAN,Canada,43.57889938,-79.65830231
SRB,Serbia,43.58000183,21.33389092
KAZ,Kazakhstan,43.59638977,51.25500107
USA,United States,43.59780884,-84.76750946
RUS,Russian Federation,43.59917069,39.72568893
CAN,Canada,43.60280228,-79.53994751
FRA,France,43.60425949,1.443670034
USA,United States,43.61061859,-72.97261047
FRA,France,43.61091995,3.877229929
USA,United States,43.61211014,-116.39151
CHN,China,43.61249924,122.2652817
CAN,Canada,43.6128273,-79.52321625
USA,United States,43.61349869,-116.2034531
CAN,Canada,43.62160873,-79.50973511
BGR,Bulgaria,43.62332916,22.83082962
USA,United States,43.63054657,-116.29702
FRA,France,43.63275909,1.39399004
CAN,Canada,43.64138413,-79.41162109
CHN,China,43.64749908,111.9766693
BGR,Bulgaria,43.65000153,25.11667061
CAN,Canada,43.65018463,-79.61136627
CAN,Canada,43.65755463,-79.37458801
CAN,Canada,43.67084122,-79.37932587
CAN,Canada,43.67161179,-79.37995148
CAN,Canada,43.68381882,-79.45383453
CAN,Canada,43.69391632,-79.34291077
CAN,Canada,43.70011139,-79.41629791
CAN,Canada,43.70016098,-65.78215027
CAN,Canada,43.7023468,-79.71154785
FRA,France,43.70312882,7.266079903
HRV,Croatia,43.70360947,16.63944054
RUS,Russian Federation,43.70378113,44.5943985
CAN,Canada,43.70409012,-79.72679138
RUS,Russian Federation,43.71294022,39.60491943
ITA,Italy,43.7155304,10.39659023
BIH,Bosnia and Herzegovina,43.71805954,17.22666931
RUS,Russian Federation,43.71921921,44.47814941
CAN,Canada,43.72211075,-79.3014679
SRB,Serbia,43.72583008,20.68943977
HRV,Croatia,43.72721863,15.90583038
RUS,Russian Federation,43.73178864,39.55427933
CAN,Canada,43.73888016,-79.56621552
RUS,Russian Federation,43.74666977,44.0083313
FRA,France,43.74798966,5.315179825
RUS,Russian Federation,43.7491684,44.68806076
USA,United States,43.7508316,-87.71453095
FRA,France,43.75614166,7.320600033
RUS,Russian Federation,43.75740814,44.02970123
FRA,France,43.75856018,-0.032930002
HRV,Croatia,43.76082993,15.78277969
RUS,Russian Federation,43.7621994,44.6841507
ITA,Italy,43.76667023,11.25
CAN,Canada,43.7708931,-79.32598877
RUS,Russian Federation,43.77399063,41.91418839
USA,United States,43.77500153,-88.43882752
SRB,Serbia,43.77890015,21.41889954
CAN,Canada,43.77980042,-79.41493225
ROU,Romania,43.78332901,24.5
BIH,Bosnia and Herzegovina,43.79249954,16.94222069
CAN,Canada,43.79697418,-79.33326721
USA,United States,43.79761887,-123.0595169
USA,United States,43.80040741,-89.64087677
CHN,China,43.80096054,87.60045624
RUS,Russian Federation,43.80250168,132.0094452
USA,United States,43.82601929,-111.7896881
BIH,Bosnia and Herzegovina,43.82693863,17.00778008
BIH,Bosnia and Herzegovina,43.84864044,18.35643959
CHN,China,43.85083008,126.5602798
FRA,France,43.85303879,4.605669975
BGR,Bulgaria,43.85639191,25.97083092
SRB,Serbia,43.85860825,19.84877968
ITA,Italy,43.86764145,10.33969975
CHN,China,43.88000107,125.3227768
KAZ,Kazakhstan,43.8833313,77.08332825
FRA,France,43.88724899,1.907160044
ITA,Italy,43.88750076,8.030830383
SRB,Serbia,43.89139175,20.34972
CAN,Canada,43.90011978,-78.84957123
RUS,Russian Federation,43.90885925,39.33137131
RUS,Russian Federation,43.91333008,42.72082901
CHN,China,43.91666794,81.31666565
CAN,Canada,43.91680145,-80.09967041
FRA,France,43.93463898,0.621070027
FRA,France,43.94834137,4.808919907
BGR,Bulgaria,43.95000076,26.20000076
RUS,Russian Federation,43.95000076,131.6499939
CAN,Canada,43.95117188,-78.29299164
CAN,Canada,43.95191574,-78.29580689
USA,United States,43.9552803,-86.45258331
CHN,China,43.96667099,116.0333328
ROU,Romania,43.98332977,25.33333015
CHN,China,43.98332977,119.1833267
USA,United States,43.98443985,-75.90054321
BGR,Bulgaria,43.99000168,22.87249947
USA,United States,43.99617386,-116.9123688
CAN,Canada,44.00011826,-77.24945831
CHN,China,44.01667023,87.31667328
USA,United States,44.02162933,-92.46990204
RUS,Russian Federation,44.02666855,44.04999924
RUS,Russian Federation,44.03279877,42.88130188
SRB,Serbia,44.03332901,20.45000076
HRV,Croatia,44.04389191,16.20000076
RUS,Russian Federation,44.04444122,42.86056137
BIH,Bosnia and Herzegovina,44.04582977,16.84860992
RUS,Russian Federation,44.04861069,43.05944061
USA,United States,44.05207062,-123.0867462
BIH,Bosnia and Herzegovina,44.05722046,17.45083046
USA,United States,44.05817032,-121.3153076
FRA,France,44.06145859,-1.069839954
BIH,Bosnia and Herzegovina,44.06499863,17.93861008
USA,United States,44.0805397,-103.2310104
USA,United States,44.08385086,-93.2260437
USA,United States,44.08555985,-93.22027588
ROU,Romania,44.09471893,26.22694016
FRA,France,44.09999847,3.083329916
RUS,Russian Federation,44.1053009,39.0802002
ROU,Romania,44.1166687,24.35000038
ROU,Romania,44.1166687,24.98332977
BGR,Bulgaria,44.1166687,27.26667023
CAN,Canada,44.11680985,-79.56632233
FRA,France,44.1333313,4.083330154
USA,United States,44.15116882,-72.65650177
BGR,Bulgaria,44.15166855,22.64249992
RUS,Russian Federation,44.15193939,43.46971893
KAZ,Kazakhstan,44.16278076,80
USA,United States,44.16358185,-93.99939728
RUS,Russian Federation,44.16527939,133.863327
RUS,Russian Federation,44.17169952,39.00260162
ROU,Romania,44.18333054,28.64999962
RUS,Russian Federation,44.19010162,42.65950012
RUS,Russian Federation,44.20750046,38.89110947
RUS,Russian Federation,44.21028137,43.13528061
FRA,France,44.21640015,2.986700058
RUS,Russian Federation,44.22333145,42.05778122
BIH,Bosnia and Herzegovina,44.22666931,17.67056084
RUS,Russian Federation,44.2388916,43.08555985
CAN,Canada,44.25011063,-79.46631622
CAN,Canada,44.25011826,-76.94944
FRA,France,44.25494003,4.647359848
USA,United States,44.26192856,-88.41538239
SRB,Serbia,44.27513123,19.89821053
USA,United States,44.27949143,-73.97987366
CHN,China,44.29999924,86.03333283
ROU,Romania,44.31666946,23.79999924
CHN,China,44.31666946,126.8000031
CHN,China,44.33332825,84.84999847
RUS,Russian Federation,44.37194061,38.52972031
UKR,Ukraine,44.39213944,33.78797913
RUS,Russian Federation,44.39332962,41.52056122
CAN,Canada,44.40010834,-79.66634369
RUS,Russian Federation,44.40694046,43.88056183
RUS,Russian Federation,44.41222,40.79360962
ROU,Romania,44.43225098,26.1062603
CAN,Canada,44.43344879,-64.73207855
USA,United States,44.44610977,-108.4305573
FRA,France,44.44910049,1.436630011
CHN,China,44.44972229,84.98583221
ROU,Romania,44.45999908,25.97332954
ROU,Romania,44.46667099,26.13332939
USA,United States,44.47587967,-73.21206665
FRA,France,44.48545837,1.842610002
ITA,Italy,44.49380875,11.33874989
UKR,Ukraine,44.5001297,34.16147995
USA,United States,44.51910019,-88.0196991
USA,United States,44.51916122,-88.0198288
BIH,Bosnia and Herzegovina,44.54056168,18.48110962
BIH,Bosnia and Herzegovina,44.54278183,18.66943932
RUS,Russian Federation,44.54550171,40.79330063
ROU,Romania,44.54999924,26.14999962
BIH,Bosnia and Herzegovina,44.56027985,18.69471932
RUS,Russian Federation,44.56039047,135.5700836
RUS,Russian Federation,44.56219864,38.08480072
USA,United States,44.56457138,-123.2620392
CAN,Canada,44.56716919,-80.94348908
UKR,Ukraine,44.57799912,34.34463882
CHN,China,44.58332825,129.6000061
UKR,Ukraine,44.58882904,33.5223999
CAN,Canada,44.60739517,-79.41784668
RUS,Russian Federation,44.60778046,40.10583115
SRB,Serbia,44.61528015,21.18250084
RUS,Russian Federation,44.63330078,41.94440079
ROU,Romania,44.6333313,28.68333054
USA,United States,44.63650894,-123.1059265
USA,United States,44.63694382,-105.335556
RUS,Russian Federation,44.64416885,41.84527969
CAN,Canada,44.64532852,-63.57239151
ITA,Italy,44.64783096,10.92539024
CAN,Canada,44.64888001,-63.57531357
USA,United States,44.64968872,-93.24272156
RUS,Russian Federation,44.65139008,37.94277954
USA,United States,44.65481949,-74.95554352
CAN,Canada,44.656353,-63.59608078
SRB,Serbia,44.66278076,20.93000031
BIH,Bosnia and Herzegovina,44.66527939,19.24777985
BIH,Bosnia and Herzegovina,44.67306137,18.01277924
USA,United States,44.69948959,-73.45291138
USA,United States,44.70958328,-73.47302246
ROU,Romania,44.71667099,26.63332939
ROU,Romania,44.71667099,28.66666985
BIH,Bosnia and Herzegovina,44.72277832,17.32777977
RUS,Russian Federation,44.72438812,37.76752091
CAN,Canada,44.7273407,-65.48985291
RUS,Russian Federation,44.74919891,41.59949875
FRA,France,44.75,5.366670132
UKR,Ukraine,44.75524902,33.8578186
BIH,Bosnia and Herzegovina,44.75693893,19.21611023
BIH,Bosnia and Herzegovina,44.77582932,17.18556023
USA,United States,44.77912903,-93.33634186
ROU,Romania,44.78332901,25.11667061
RUS,Russian Federation,44.78388977,44.16582871
RUS,Russian Federation,44.78833008,44.92277908
SRB,Serbia,44.80400848,20.46512985
USA,United States,44.80413055,-93.16689301
KAZ,Kazakhstan,44.80805969,76.27722168
USA,United States,44.81135178,-91.49848938
ROU,Romania,44.81666946,27.61667061
USA,United States,44.81898117,-74.41500092
USA,United States,44.82773972,-92.94381714
RUS,Russian Federation,44.83528137,40.72694016
RUS,Russian Federation,44.83570862,37.55575943
FRA,France,44.84043884,-0.580500007
RUS,Russian Federation,44.84222031,38.5668602
UKR,Ukraine,44.84560013,33.67161179
USA,United States,44.84645081,-69.35865784
RUS,Russian Federation,44.84917069,37.65721893
ROU,Romania,44.84999847,24.86667061
USA,United States,44.85469055,-93.47078705
UKR,Ukraine,44.86632156,34.22660828
BIH,Bosnia and Herzegovina,44.86989975,18.81010056
RUS,Russian Federation,44.87258148,38.16110992
RUS,Russian Federation,44.88000107,40.59860992
MNG,Mongolia,44.88238907,110.1163101
USA,United States,44.89017868,-94.37277222
RUS,Russian Federation,44.89083862,37.32389832
RUS,Russian Federation,44.89670944,37.38600159
SRB,Serbia,44.89749908,21.41721916
CAN,Canada,44.90010834,-76.01606751
BIH,Bosnia and Herzegovina,44.90805817,17.30083084
USA,United States,44.91608048,-93.10160828
ROU,Romania,44.92142105,25.45574951
RUS,Russian Federation,44.92150116,38.99583054
USA,United States,44.92385864,-92.9593811
RUS,Russian Federation,44.92710114,38.90851975
RUS,Russian Federation,44.92934036,37.99116898
ITA,Italy,44.92947006,10.51858997
RUS,Russian Federation,44.93159866,41.13729858
USA,United States,44.94290161,-123.0351028
USA,United States,44.94440842,-93.09326935
BIH,Bosnia and Herzegovina,44.9449997,17.83389092
USA,United States,44.94829941,-93.3480072
ROU,Romania,44.95000076,26.01667023
UKR,Ukraine,44.95719147,34.11079025
BIH,Bosnia and Herzegovina,44.95999908,16.17917061
USA,United States,44.96302033,-92.96494293
USA,United States,44.96384811,-94.04747009
BIH,Bosnia and Herzegovina,44.97721863,17.91028023
FRA,France,44.97929001,2.624850035
RUS,Russian Federation,44.98033905,37.34384155
BIH,Bosnia and Herzegovina,44.98139191,16.71306038
RUS,Russian Federation,44.98278046,39.09638977
RUS,Russian Federation,44.98900986,38.94324112
RUS,Russian Federation,44.98920059,41.12340164
RUS,Russian Federation,45.00149918,41.17950058
USA,United States,45.01052094,-93.455513
ROU,Romania,45.01667023,22.85000038
SRB,Serbia,45.02582932,20.02499962
UKR,Ukraine,45.02687836,33.62955856
CAN,Canada,45.0333786,-73.04914856
UKR,Ukraine,45.03676987,35.37789154
RUS,Russian Federation,45.0428009,41.97340012
RUS,Russian Federation,45.04880142,38.97249985
ROU,Romania,45.04999924,23.28333092
ROU,Romania,45.04999924,26.46666908
UKR,Ukraine,45.05310059,34.31541824
USA,United States,45.06167984,-83.43274689
USA,United States,45.06552124,-93.20188904
USA,United States,45.06888962,-85.26083374
ITA,Italy,45.07049179,7.68682003
USA,United States,45.07912827,-93.14717102
HRV,Croatia,45.09500122,14.11972046
RUS,Russian Federation,45.09777832,43.43638992
USA,United States,45.11996841,-93.28772736
RUS,Russian Federation,45.12084961,37.64170837
USA,United States,45.12717819,-94.52805328
RUS,Russian Federation,45.12779999,39.57246018
UKR,Ukraine,45.12944031,33.63180161
ROU,Romania,45.1333313,24.68333054
RUS,Russian Federation,45.13492966,38.12543869
ITA,Italy,45.13616943,10.02797031
HRV,Croatia,45.14916992,13.60527992
ROU,Romania,45.15000153,26.83333015
CHN,China,45.15000153,124.8333359
HRV,Croatia,45.16027832,18.01556015
ITA,Italy,45.16030884,10.79784012
ITA,Italy,45.16186905,9.702159882
ROU,Romania,45.16667175,23.5
ROU,Romania,45.16667175,28.79999924
BIH,Bosnia and Herzegovina,45.17417145,15.87360954
BIH,Bosnia and Herzegovina,45.18944168,15.8116703
UKR,Ukraine,45.20090866,33.36655045
USA,United States,45.21012116,-123.1987228
RUS,Russian Federation,45.21170044,36.71609116
RUS,Russian Federation,45.21435928,39.69033051
HRV,Croatia,45.22583008,13.59389019
USA,United States,45.23329926,-93.29134369
KAZ,Kazakhstan,45.24222183,77.98222351
CAN,Canada,45.25008011,-74.13253021
SRB,Serbia,45.2508316,19.39193916
SRB,Serbia,45.25167084,19.83694077
HRV,Croatia,45.25527954,18.40416908
RUS,Russian Federation,45.25579834,38.12559891
ROU,Romania,45.26667023,27.98332977
CAN,Canada,45.26678085,-72.14909363
RUS,Russian Federation,45.27054977,37.38716126
CAN,Canada,45.27270889,-66.06765747
CAN,Canada,45.28536606,-66.04682922
HRV,Croatia,45.28833008,18.80471993
CHN,China,45.29999924,130.9666748
CAN,Canada,45.31678009,-73.86589813
RUS,Russian Federation,45.3266716,41.52528
HRV,Croatia,45.33805847,16.08806038
ITA,Italy,45.341259,8.1730299
HRV,Croatia,45.34305954,14.40917015
CAN,Canada,45.3437767,-75.8070755
UKR,Ukraine,45.34928894,28.8407898
CHN,China,45.34999847,126.2833328
RUS,Russian Federation,45.36333084,40.18999863
FRA,France,45.36394882,5.59209013
RUS,Russian Federation,45.36613846,38.21171188
RUS,Russian Federation,45.37277985,44.22055817
RUS,Russian Federation,45.37833023,40.52972031
CAN,Canada,45.38338089,-72.7324295
SRB,Serbia,45.38360977,20.38194084
RUS,Russian Federation,45.39287949,47.37073135
CAN,Canada,45.39889145,-71.89585114
CAN,Canada,45.40008164,-74.03250885
CAN,Canada,45.40008164,-71.89907837
CAN,Canada,45.40008926,-71.24904633
HRV,Croatia,45.40082932,14.79971981
CAN,Canada,45.40242004,-75.65395355
CAN,Canada,45.41117096,-75.69812012
FRA,France,45.41389084,3.725280046
ITA,Italy,45.41519165,11.88181019
CAN,Canada,45.41741943,-75.6979599
CAN,Canada,45.42038345,-75.69810486
RUS,Russian Federation,45.42488098,36.77402115
CAN,Canada,45.42760849,-75.71056366
RUS,Russian Federation,45.42884064,38.7326088
CAN,Canada,45.43318558,-73.63948059
CAN,Canada,45.4333992,-75.14929962
ITA,Italy,45.43418884,10.99779034
RUS,Russian Federation,45.4375,40.57556152
ITA,Italy,45.43861008,12.32666969
CAN,Canada,45.44328308,-73.74085236
RUS,Russian Federation,45.44530106,40.67649841
ROU,Romania,45.45000076,28.04999924
CAN,Canada,45.45008087,-72.08238983
ITA,Italy,45.45806122,7.871920109
CAN,Canada,45.46152115,-73.54637909
ITA,Italy,45.46427155,9.189510345
HRV,Croatia,45.46611023,16.37833023
RUS,Russian Federation,45.46899033,39.4513588
CAN,Canada,45.47111893,-73.62698364
FRA,France,45.47719955,5.683100224
RUS,Russian Federation,45.47943878,133.4244385
ITA,Italy,45.4815712,8.69674015
CAN,Canada,45.48595429,-73.58070374
USA,United States,45.48706055,-122.8037109
FRA,France,45.49639893,0.138300002
CAN,Canada,45.49717712,-73.55394745
CAN,Canada,45.50136566,-73.63358307
CAN,Canada,45.50157929,-73.56486511
CAN,Canada,45.50268555,-73.56851959
CAN,Canada,45.50325012,-73.79032135
CAN,Canada,45.50642777,-73.52600098
CAN,Canada,45.50854492,-73.66162872
CAN,Canada,45.50883865,-73.5878067
CAN,Canada,45.51035309,-73.56736755
CAN,Canada,45.51409912,-73.67903137
USA,United States,45.52288818,-122.98983
USA,United States,45.52344894,-122.6762085
ITA,Italy,45.52478027,10.22727013
CAN,Canada,45.52695847,-73.61978912
CAN,Canada,45.52725983,-73.61235809
CAN,Canada,45.53000641,-73.69872284
CAN,Canada,45.5303154,-73.60688782
CAN,Canada,45.53121185,-73.51805878
ROU,Romania,45.53332901,22.36667061
HRV,Croatia,45.55110931,18.69388962
CAN,Canada,45.5566864,-73.65265656
CAN,Canada,45.55715561,-73.59615326
ITA,Italy,45.55986023,8.050020218
FRA,France,45.56666946,5.933330059
CAN,Canada,45.56681061,-76.78272247
RUS,Russian Federation,45.58127976,39.6640892
USA,United States,45.59455872,-121.1786804
ITA,Italy,45.59677124,9.129039764
CAN,Canada,45.59854889,-73.62250519
CHN,China,45.59999847,84.8833313
CAN,Canada,45.6052208,-73.55506897
ITA,Italy,45.61127853,8.849140167
CHN,China,45.6166687,122.8166733
CAN,Canada,45.61677933,-72.94914246
RUS,Russian Federation,45.61693955,38.94527817
USA,United States,45.6276207,-121.2434082
ITA,Italy,45.63090134,11.4467001
CAN,Canada,45.63287354,-73.8247757
CHN,China,45.6333313,85.18332672
USA,United States,45.6387291,-122.6614914
ITA,Italy,45.64860916,13.77999973
ROU,Romania,45.64860916,25.6061306
CAN,Canada,45.65008164,-74.0825119
USA,United States,45.65611267,-110.5670242
ROU,Romania,45.65805817,20.90583038
CAN,Canada,45.65895462,-73.56707764
HRV,Croatia,45.66500092,16.52333069
USA,United States,45.66821671,-121.5401688
HRV,Croatia,45.66833115,15.64861012
UKR,Ukraine,45.682621,28.61487007
CAN,Canada,45.68344116,-62.71533966
ROU,Romania,45.68861008,21.90306091
ITA,Italy,45.69797897,9.668950081
FRA,France,45.70000076,-0.333330005
ROU,Romania,45.70000076,27.18333054
HRV,Croatia,45.70444107,15.98999977
FRA,France,45.73482132,3.968980074
SRB,Serbia,45.73611069,19.00971985
CAN,Canada,45.7371521,-73.48323822
FRA,France,45.74845886,4.846710205
ROU,Romania,45.74943924,21.22722054
CHN,China,45.75,126.6500015
HRV,Croatia,45.77000046,18.60360909
ITA,Italy,45.77528,12.8386097
SVN,Slovenia,45.77693939,14.21667004
CAN,Canada,45.78036118,-74.00364685
USA,United States,45.78329086,-108.5006866
ROU,Romania,45.79999924,24.14999962
FRA,France,45.80271912,1.212129951
HRV,Croatia,45.80305862,15.71805954
HRV,Croatia,45.81444168,15.97797966
USA,United States,45.82067871,-120.8217316
RUS,Russian Federation,45.8208313,44.64722061
ROU,Romania,45.83332825,27.06666946
UKR,Ukraine,45.83731079,29.61424065
ROU,Romania,45.84973145,27.4344101
ROU,Romania,45.84999847,22.18333054
ROU,Romania,45.84999847,26.18333054
CAN,Canada,45.85010147,-75.16600037
RUS,Russian Federation,45.85129929,40.41249847
KAZ,Kazakhstan,45.85361099,62.15610886
RUS,Russian Federation,45.85472107,40.12527847
USA,United States,45.87076187,-112.0974884
CAN,Canada,45.88336182,-72.48240662
CAN,Canada,45.88685989,-74.1794281
CAN,Canada,45.89451981,-77.28006744
FRA,France,45.89580154,0.576099992
FRA,France,45.89760971,4.432720184
SVN,Slovenia,45.90333176,15.59111023
CHN,China,45.90932083,127.2720184
FRA,France,45.9239502,-1.009379983
CAN,Canada,45.94541168,-66.66558075
USA,United States,45.9467392,-112.5173416
CAN,Canada,45.95008087,-73.84918976
SVN,Slovenia,45.95603943,13.64836979
ROU,Romania,45.96667099,24.61667061
FRA,France,45.96717072,-1.24289
USA,United States,45.99316025,-123.9226379
ROU,Romania,46,26.13332939
USA,United States,46.00381851,-112.5347366
SVN,Slovenia,46.00777817,15.31556034
USA,United States,46.00819016,-122.8077621
CHE,Switzerland,46.01007843,8.960040092
CAN,Canada,46.01676941,-73.44915009
CAN,Canada,46.0210762,-73.44541931
UKR,Ukraine,46.02719879,30.37681961
KAZ,Kazakhstan,46.03105927,73.70246887
RUS,Russian Federation,46.04970169,38.17470169
CAN,Canada,46.05007172,-71.9657898
SVN,Slovenia,46.0510788,14.50512981
FRA,France,46.0517807,3.925679922
FRA,France,46.05580139,6.776400089
CAN,Canada,46.06004334,-70.95397186
USA,United States,46.06181335,-118.3282013
ITA,Italy,46.06193924,13.24221993
USA,United States,46.06457901,-118.3430176
RUS,Russian Federation,46.06666946,39.78332901
CAN,Canada,46.0703392,-72.81124878
SVN,Slovenia,46.07730103,14.21819973
RUS,Russian Federation,46.07801819,40.86650848
RUS,Russian Federation,46.0848999,38.95959854
SRB,Serbia,46.09999847,19.66666985
CHE,Switzerland,46.11346054,7.49435997
CAN,Canada,46.11594009,-64.801857
ROU,Romania,46.1166687,24.81666946
USA,United States,46.12248612,-67.83777618
USA,United States,46.12615967,-67.84030151
SVN,Slovenia,46.13179016,14.99693966
CAN,Canada,46.13510132,-60.18310165
RUS,Russian Federation,46.13769913,39.78319931
USA,United States,46.14056015,-93.46666718
SVN,Slovenia,46.15499878,15.05333042
SVN,Slovenia,46.16550827,14.30626011
CAN,Canada,46.16677094,-73.43244934
SVN,Slovenia,46.16693878,14.57499981
RUS,Russian Federation,46.17110062,45.34349823
ROU,Romania,46.18333054,21.31666946
SVN,Slovenia,46.18986893,14.49491978
USA,United States,46.19472122,-119.1332397
UKR,Ukraine,46.19520187,30.34938049
CHE,Switzerland,46.20222092,6.145689964
RUS,Russian Federation,46.20449829,47.85350037
USA,United States,46.21125031,-119.1372299
ROU,Romania,46.21667099,24.70000076
CAN,Canada,46.21675873,-72.61582184
CAN,Canada,46.21784973,-70.7787323
HRV,Croatia,46.22306061,16.12000084
CAN,Canada,46.22618866,-72.61904907
CAN,Canada,46.22859955,-73.01917267
CAN,Canada,46.23524857,-63.12670898
UKR,Ukraine,46.24998093,30.44127083
HUN,Hungary,46.25299835,20.14823914
ROU,Romania,46.25860977,26.76916695
SVN,Slovenia,46.27280045,14.31719971
USA,United States,46.28569031,-119.284462
HRV,Croatia,46.30443955,16.33778
UKR,Ukraine,46.30495071,30.65477943
FRA,France,46.30654144,4.481780052
RUS,Russian Federation,46.30778122,44.25582886
RUS,Russian Federation,46.32139969,39.38769913
UKR,Ukraine,46.3289299,30.63480949
UKR,Ukraine,46.33721924,29.98527908
CAN,Canada,46.34272385,-72.62354279
SVN,Slovenia,46.34444046,14.17444038
RUS,Russian Federation,46.34968185,48.04076004
ROU,Romania,46.34999847,25.79999924
CAN,Canada,46.35005951,-72.54911804
UKR,Ukraine,46.35559845,34.33272171
UKR,Ukraine,46.36312866,30.64891052
UKR,Ukraine,46.36507034,33.54027176
HUN,Hungary,46.3666687,17.79999924
ROU,Romania,46.3833313,23.85000038
CHN,China,46.3833313,123.4000015
CAN,Canada,46.38341141,-75.96604919
USA,United States,46.40118027,-114.168541
RUS,Russian Federation,46.40134049,48.5409317
CAN,Canada,46.41675949,-73.03244019
SVN,Slovenia,46.42005158,15.87018013
CAN,Canada,46.43334961,-72.76583099
KAZ,Kazakhstan,46.43527985,53.48638916
FRA,France,46.46466065,3.431610107
ROU,Romania,46.46667099,22.58333015
HUN,Hungary,46.47249985,19.97971916
RUS,Russian Federation,46.47470093,41.54114151
UKR,Ukraine,46.4774704,30.73262024
CAN,Canada,46.48336029,-72.9658432
SVN,Slovenia,46.48389053,13.78944016
ITA,Italy,46.49272156,11.33358002
SVN,Slovenia,46.5,15.68332958
CAN,Canada,46.50011063,-75.83262634
USA,United States,46.50416946,-92.69055939
SVN,Slovenia,46.50582886,15.69721985
UKR,Ukraine,46.50585175,30.32519913
CAN,Canada,46.50869751,-84.33490753
CHE,Switzerland,46.51599884,6.632820129
CAN,Canada,46.52217484,-80.92925263
RUS,Russian Federation,46.52999878,39.04972076
UKR,Ukraine,46.53295898,30.6595993
CHE,Switzerland,46.53332901,9.199999809
USA,United States,46.54000092,-102.8655548
ROU,Romania,46.54244995,24.55747032
SVN,Slovenia,46.55472183,15.64667034
UKR,Ukraine,46.5616684,30.79487038
UKR,Ukraine,46.56254959,30.86071014
HUN,Hungary,46.56666946,20.66666985
CAN,Canada,46.56674957,-72.74913025
ITA,Italy,46.57432175,11.66748047
FRA,France,46.58332825,0.333330005
CHN,China,46.58332825,125
KAZ,Kazakhstan,46.59999847,49.26667023
USA,United States,46.60206986,-120.5058975
AUT,Austria,46.61027908,13.85583019
UKR,Ukraine,46.61841965,32.71889877
UKR,Ukraine,46.62210846,31.10131073
AUT,Austria,46.62472153,14.30527973
CHN,China,46.6361084,131.1538849
SVN,Slovenia,46.63806152,16.14138985
CHN,China,46.64056015,126.9969406
HUN,Hungary,46.64400101,18.99632072
MDA,Moldova,46.64416885,29.41389084
UKR,Ukraine,46.65581131,32.61780167
SVN,Slovenia,46.66249847,16.16638947
SVN,Slovenia,46.66419983,15.89750004
FRA,France,46.67082977,-1.886119962
RUS,Russian Federation,46.6733284,141.863327
CAN,Canada,46.68072891,-64.88043976
AUT,Austria,46.68806076,15.98806
UKR,Ukraine,46.6941185,32.55371094
UKR,Ukraine,46.69971848,35.15916061
RUS,Russian Federation,46.70550156,38.27389908
RUS,Russian Federation,46.71443939,142.5293884
AUT,Austria,46.71556091,13.69083023
AUT,Austria,46.72528076,15.76805973
USA,United States,46.73126984,-117.1796188
MDA,Moldova,46.73389053,29.95861054
UKR,Ukraine,46.7347908,36.34424973
CHN,China,46.75,82.98332977
UKR,Ukraine,46.75450897,33.34864044
UKR,Ukraine,46.7663002,36.7988205
ROU,Romania,46.76667023,23.60000038
UKR,Ukraine,46.78142166,33.44789887
USA,United States,46.78327179,-92.10658264
UKR,Ukraine,46.79489136,29.98683929
CHE,Switzerland,46.80236816,7.151279926
CHE,Switzerland,46.80451965,9.25786972
USA,United States,46.80833054,-100.7837372
CAN,Canada,46.81227875,-71.21453857
CAN,Canada,46.81260681,-71.2157135
UKR,Ukraine,46.81370926,33.48698044
USA,United States,46.81417084,-117.8799973
CAN,Canada,46.81523514,-71.26810455
MDA,Moldova,46.83055878,29.47110939
CHN,China,46.83332825,130.3500061
MDA,Moldova,46.84027863,29.64332962
AUT,Austria,46.84056091,14.84416962
UKR,Ukraine,46.8415184,33.42837906
UKR,Ukraine,46.84891129,35.36532974
CHE,Switzerland,46.84986115,9.532870293
AUT,Austria,46.86611176,12.70139027
USA,United States,46.87215042,-113.9940033
USA,United States,46.87385178,-96.76757813
USA,United States,46.87718964,-96.78980255
CHE,Switzerland,46.90087891,8.276519775
ROU,Romania,46.91667175,26.33333015
AUT,Austria,46.93999863,16.00806046
MDA,Moldova,46.94306183,28.77778053
CHE,Switzerland,46.9480896,7.447440147
RUS,Russian Federation,46.95811844,142.7336578
UKR,Ukraine,46.96591187,31.99740028
MNG,Mongolia,46.98258972,103.7838898
CAN,Canada,46.98336029,-72.18238068
USA,United States,46.99650955,-120.5478516
MDA,Moldova,47.00556183,28.85750008
CHE,Switzerland,47.02785873,8.65610981
ROU,Romania,47.03332901,23.91666985
USA,United States,47.0378685,-122.9007034
CHE,Switzerland,47.05047989,8.306349754
RUS,Russian Federation,47.05110931,142.0569458
CHE,Switzerland,47.06196976,9.055339813
ROU,Romania,47.06415939,21.76107979
AUT,Austria,47.06666946,15.44999981
UKR,Ukraine,47.06666946,37.5
FRA,France,47.0870285,3.201819897
HUN,Hungary,47.09326935,17.91148949
CHE,Switzerland,47.09992981,6.825860023
ROU,Romania,47.09999847,23.11667061
HUN,Hungary,47.11050034,18.56500053
AUT,Austria,47.1166687,9.866669655
KAZ,Kazakhstan,47.1166687,51.8833313
USA,United States,47.12839127,-119.2946396
USA,United States,47.1301384,-119.2780838
UKR,Ukraine,47.16146088,37.48934174
ROU,Romania,47.16667175,27.60000038
CHE,Switzerland,47.16743088,9.477939606
USA,United States,47.17176056,-122.5184631
CHE,Switzerland,47.1724205,8.517439842
UKR,Ukraine,47.17435837,37.69266129
USA,United States,47.17705154,-122.1865082
UKR,Ukraine,47.18410873,31.79375076
UKR,Ukraine,47.18418121,35.10881043
USA,United States,47.18537903,-122.2929001
CHE,Switzerland,47.19477844,8.71903038
CHE,Switzerland,47.19625092,8.529540062
ROU,Romania,47.20000076,23.04999924
CHE,Switzerland,47.20790863,7.537139893
USA,United States,47.2084198,-122.4777679
AUT,Austria,47.21667099,15.89999962
FRA,France,47.21725082,-1.553359985
AUT,Austria,47.23332977,16.38332939
USA,United States,47.23429871,-119.8525467
RUS,Russian Federation,47.23563004,39.71218872
RUS,Russian Federation,47.23617172,38.8968811
ROU,Romania,47.24689865,26.72290993
HUN,Hungary,47.25194168,18.8962307
USA,United States,47.2528801,-122.4442902
UKR,Ukraine,47.25521851,35.71237946
CHE,Switzerland,47.25870132,8.375320435
CHN,China,47.25999832,132.0322266
MDA,Moldova,47.26306152,29.16082954
FRA,France,47.26504898,1.905910015
AUT,Austria,47.26667023,12.48332977
AUT,Austria,47.27108002,9.643079758
UKR,Ukraine,47.27235031,35.22235107
AUT,Austria,47.28332901,16.20000076
RUS,Russian Federation,47.28936005,39.71249008
USA,United States,47.30731964,-122.228447
HUN,Hungary,47.31666946,21.11667061
USA,United States,47.32231903,-122.3126221
AUT,Austria,47.32369995,10.15462971
UKR,Ukraine,47.32754898,36.69298172
AUT,Austria,47.33015823,11.18785954
AUT,Austria,47.33332825,15.93332958
CAN,Canada,47.33345032,-79.43296814
USA,United States,47.33389282,-118.6844177
CHN,China,47.34083176,123.9672165
FRA,France,47.34556961,-3.154109955
CHE,Switzerland,47.34999085,7.903289795
CHE,Switzerland,47.3666687,8.550000191
USA,United States,47.38093185,-122.2348404
UKR,Ukraine,47.38169098,34.97652054
CAN,Canada,47.38208008,-61.85968018
AUT,Austria,47.38499832,9.901670456
CHE,Switzerland,47.38615036,9.279159546
USA,United States,47.39221954,-121.4000015
CHE,Switzerland,47.39253998,8.044219971
RUS,Russian Federation,47.39625168,40.16619873
CHN,China,47.40000153,130.3666687
CHE,Switzerland,47.40164948,8.400150299
UKR,Ukraine,47.40718842,32.43867874
RUS,Russian Federation,47.41419983,42.7696991
CHE,Switzerland,47.41498947,8.596719742
AUT,Austria,47.41667175,9.733059883
USA,United States,47.4234581,-120.3103485
CHE,Switzerland,47.42390823,9.374770164
HUN,Hungary,47.42930985,18.91356087
USA,United States,47.43378067,-120.3292236
UKR,Ukraine,47.43693924,35.27416992
FRA,France,47.44131088,-2.192379951
CHE,Switzerland,47.44255066,9.532930374
ROU,Romania,47.45000076,26.29999924
CHE,Switzerland,47.46152115,9.045519829
HUN,Hungary,47.46181107,18.95845032
ROU,Romania,47.46667099,25.76667023
USA,United States,47.47037888,-122.3467865
CHE,Switzerland,47.47333145,8.305919647
USA,United States,47.47399139,-122.2609634
DEU,Germany,47.47613907,11.02404976
UKR,Ukraine,47.48443985,36.2536087
HUN,Hungary,47.49800873,19.03990936
UKR,Ukraine,47.4986496,34.65739822
CAN,Canada,47.49988937,-52.99805832
USA,United States,47.50024033,-111.3008118
USA,United States,47.50457764,-94.85765839
RUS,Russian Federation,47.51361084,42.15139008
CHE,Switzerland,47.51667023,9.433329582
RUS,Russian Federation,47.51942825,40.81119919
CHE,Switzerland,47.52070999,7.693560123
FRA,France,47.52210999,-0.886640012
USA,United States,47.53010178,-122.0326233
HUN,Hungary,47.53332901,21.63332939
CHE,Switzerland,47.55815888,8.898539543
CHE,Switzerland,47.5583992,7.573269844
USA,United States,47.56119537,-122.1534119
UKR,Ukraine,47.56494141,31.33078003
AUT,Austria,47.56666946,16.13332939
ROU,Romania,47.56666946,25.68333054
UKR,Ukraine,47.56731033,35.78575134
UKR,Ukraine,47.56850052,34.88095856
USA,United States,47.57064819,-122.2220688
UKR,Ukraine,47.57118988,34.39636993
FRA,France,47.57971954,-2.35600996
FRA,France,47.58332825,1.333330035
CHN,China,47.58332825,126.0833282
HUN,Hungary,47.58494186,18.39324951
USA,United States,47.60240173,-122.3259964
USA,United States,47.6062088,-122.3320694
USA,United States,47.61037827,-122.2006836
USA,United States,47.61090851,-122.1135406
USA,United States,47.61167908,-122.3332596
USA,United States,47.61569977,-122.3444977
USA,United States,47.62062073,-122.3109589
UKR,Ukraine,47.62314987,34.14197922
USA,United States,47.62749863,-122.346199
RUS,Russian Federation,47.63008881,43.14067841
ROU,Romania,47.6333313,26.25
UKR,Ukraine,47.63542938,34.62768936
USA,United States,47.64176941,-122.0803986
CHE,Switzerland,47.65000153,9.183329582
KAZ,Kazakhstan,47.65000153,53.31666946
UKR,Ukraine,47.65549851,35.2564888
DEU,Germany,47.65689087,9.475540161
ROU,Romania,47.65729141,23.5680809
USA,United States,47.65966034,-117.4290771
KAZ,Kazakhstan,47.66667175,51.58332825
USA,United States,47.67322922,-117.2393723
USA,United States,47.67398834,-122.1215134
AUT,Austria,47.67486954,15.93892956
USA,United States,47.67768097,-116.7804718
USA,United States,47.68149185,-122.2087402
USA,United States,47.68289948,-122.120903
DEU,Germany,47.68333054,12.80000019
HUN,Hungary,47.68333054,17.63512039
USA,United States,47.68687058,-122.1895676
UKR,Ukraine,47.6917305,33.25714111
CHN,China,47.70000076,128.8999939
RUS,Russian Federation,47.70911026,40.21443176
UKR,Ukraine,47.71278,35.2091713
DEU,Germany,47.71335983,10.30554962
UKR,Ukraine,47.71757889,35.52882004
MNG,Mongolia,47.72732163,108.1106186
UKR,Ukraine,47.74773026,37.67383957
UKR,Ukraine,47.75305176,29.53204918
RUS,Russian Federation,47.76036835,39.93334961
USA,United States,47.76232147,-122.2053986
MDA,Moldova,47.76639175,29.00111008
RUS,Russian Federation,47.78227997,40.14762878
KAZ,Kazakhstan,47.78332901,67.76667023
HUN,Hungary,47.78620911,17.1360302
FRA,France,47.78689957,-0.77522999
AUT,Austria,47.7870903,15.91351986
USA,United States,47.78815079,-122.3087387
USA,United States,47.78918076,-120.0358963
HUN,Hungary,47.7928009,18.74147987
AUT,Austria,47.79941177,13.04399014
AUT,Austria,47.79999924,16.25
USA,United States,47.80278015,-122.2848587
UKR,Ukraine,47.81568909,34.74137116
DEU,Germany,47.81663895,9.061380386
UKR,Ukraine,47.8177681,31.18263054
UKR,Ukraine,47.82289124,35.19031143
DEU,Germany,47.82672119,10.02050018
CAN,Canada,47.83044052,-69.53418732
UKR,Ukraine,47.83049011,36.12760925
DEU,Germany,47.83454895,9.875459671
AUT,Austria,47.84999847,16.51667023
ROU,Romania,47.84999847,25.91666985
USA,United States,47.86009979,-122.2042999
FRA,France,47.86428833,-2.319240093
CHN,China,47.8666687,88.1166687
DEU,Germany,47.8682518,12.64334965
DEU,Germany,47.88238144,10.62191963
USA,United States,47.88953018,-97.49398041
RUS,Russian Federation,47.8922081,40.07036972
FRA,France,47.90288925,1.903890014
USA,United States,47.9032402,-91.86708832
MNG,Mongolia,47.90771103,106.8832397
UKR,Ukraine,47.90966034,33.38043976
SVK,Slovak Republic,47.91054153,18.49967003
USA,United States,47.91116715,-97.05483246
CHN,China,47.91471863,123.5030594
DEU,Germany,47.91667175,11.10000038
FRA,France,47.91942978,-2.279050112
USA,United States,47.93082809,-119.0361099
DEU,Germany,47.93452835,8.357439995
USA,United States,47.94453812,-122.3045807
AUT,Austria,47.94900894,16.8416996
HUN,Hungary,47.95000076,21.03333092
HUN,Hungary,47.95539093,21.71670914
DEU,Germany,47.9759903,9.941049576
UKR,Ukraine,47.97809982,35.91019821
USA,United States,47.97898102,-122.2020798
DEU,Germany,47.9958992,7.852220058
AUT,Austria,47.99962997,16.8604908
CAN,Canada,47.99988937,-52.98134995
FRA,France,48,0.200000003
MNG,Mongolia,48.00556183,91.64193726
KAZ,Kazakhstan,48.00777817,70.7902832
UKR,Ukraine,48.01139832,38.26443863
UKR,Ukraine,48.01179886,23.57061005
UKR,Ukraine,48.02299881,37.80223846
SVK,Slovak Republic,48.03015137,17.30971909
KAZ,Kazakhstan,48.03332901,72.83332825
UKR,Ukraine,48.0443306,30.8507309
FRA,France,48.04513931,-1.600569963
UKR,Ukraine,48.04782105,37.92575836
FRA,France,48.0483284,1.695000052
UKR,Ukraine,48.04911041,23.42112923
UKR,Ukraine,48.04927063,33.87461853
USA,United States,48.05176163,-122.1770782
UKR,Ukraine,48.05260086,24.20088959
UKR,Ukraine,48.06251907,38.51665115
FRA,France,48.06470871,0.11908
SVK,Slovak Republic,48.07408142,18.94945908
UKR,Ukraine,48.08332062,39.37763977
SVK,Slovak Republic,48.08612824,18.18446922
UKR,Ukraine,48.08964157,39.65243149
AUT,Austria,48.09999847,16.28333092
HUN,Hungary,48.09999847,20.78333092
HUN,Hungary,48.10480118,22.53743935
HUN,Hungary,48.1333313,21.46666908
DEU,Germany,48.13742828,11.57549
UKR,Ukraine,48.13946915,22.97193909
UKR,Ukraine,48.13954163,38.93714905
SVK,Slovak Republic,48.14815903,17.10674095
UKR,Ukraine,48.15570831,24.79112053
AUT,Austria,48.16667175,14.03332996
UKR,Ukraine,48.17234039,23.23646927
USA,United States,48.17963028,-117.0432587
USA,United States,48.18074036,-116.9093628
UKR,Ukraine,48.1922493,25.93074036
USA,United States,48.19578934,-114.312912
USA,United States,48.1987114,-122.1251373
AUT,Austria,48.20000076,15.63333035
AUT,Austria,48.20848846,16.37207985
CAN,Canada,48.22969818,-69.8006134
USA,United States,48.23285675,-101.2952728
DEU,Germany,48.241539,12.75294972
UKR,Ukraine,48.24222183,31.41583061
UKR,Ukraine,48.24742127,31.75432015
UKR,Ukraine,48.25867844,25.17946053
UKR,Ukraine,48.27077103,26.12623978
USA,United States,48.27629089,-117.7155228
USA,United States,48.27658844,-116.5532532
RUS,Russian Federation,48.27954865,46.17216873
UKR,Ukraine,48.28197861,37.17584992
UKR,Ukraine,48.29148865,25.94034004
UKR,Ukraine,48.29228973,39.73728943
USA,United States,48.29315949,-122.643219
AUT,Austria,48.30638886,14.28610992
UKR,Ukraine,48.31071091,25.09575081
FRA,France,48.31354141,1.999349952
UKR,Ukraine,48.31502914,23.13248062
DEU,Germany,48.31666946,8.916669846
RUS,Russian Federation,48.31779099,40.25947952
UKR,Ukraine,48.32043839,35.51792145
DEU,Germany,48.32332993,11.60122013
UKR,Ukraine,48.32643127,39.53366089
RUS,Russian Federation,48.33372116,39.94776154
RUS,Russian Federation,48.33633041,40.29587936
CAN,Canada,48.33778,-70.87944031
CAN,Canada,48.33855057,-70.88034058
FRA,France,48.34202957,3.262130022
UKR,Ukraine,48.34577942,39.65824127
UKR,Ukraine,48.34698105,38.05419159
RUS,Russian Federation,48.35501862,41.82627106
DEU,Germany,48.36471939,10.90114021
DEU,Germany,48.36787033,12.03316975
UKR,Ukraine,48.37678146,35.12398148
CAN,Canada,48.38090515,-89.25120544
USA,United States,48.38829041,-115.5559998
UKR,Ukraine,48.39247131,22.54307938
DEU,Germany,48.39279175,10.01111984
DEU,Germany,48.3984108,9.991550446
FRA,France,48.40000153,-4.483329773
UKR,Ukraine,48.40417862,24.93873978
DEU,Germany,48.40539169,12.76264
UKR,Ukraine,48.40642166,37.18111038
HUN,Hungary,48.40906143,22.17613983
AUT,Austria,48.41667175,15.73332977
CAN,Canada,48.41962814,-71.06369019
CAN,Canada,48.42596436,-123.3609467
UKR,Ukraine,48.43161011,26.26231003
SVK,Slovak Republic,48.43173981,17.80310059
UKR,Ukraine,48.43198013,22.20554924
CAN,Canada,48.43294144,-123.3693008
UKR,Ukraine,48.43918991,22.7177906
UKR,Ukraine,48.44691849,25.56937027
UKR,Ukraine,48.44694138,31.07611084
CAN,Canada,48.4487915,-68.5239563
UKR,Ukraine,48.45000076,34.98332977
UKR,Ukraine,48.4515686,24.55435944
USA,United States,48.45999908,-115.8911133
UKR,Ukraine,48.46147156,37.08523941
CAN,Canada,48.46678925,-71.64910126
UKR,Ukraine,48.46892929,38.81668854
FRA,France,48.47718811,3.13161993
RUS,Russian Federation,48.48083115,135.0927734
SVK,Slovak Republic,48.48123932,18.71565056
SVK,Slovak Republic,48.50477982,17.43066979
UKR,Ukraine,48.50743103,39.30036163
UKR,Ukraine,48.5113411,34.60210037
UKR,Ukraine,48.51319885,32.25970078
CAN,Canada,48.51679993,-72.23243713
UKR,Ukraine,48.52307129,25.84369087
UKR,Ukraine,48.52769852,37.70690155
UKR,Ukraine,48.53115082,25.03648949
AUT,Austria,48.53332901,16.75
UKR,Ukraine,48.53340912,35.87049866
UKR,Ukraine,48.54225922,28.11473084
USA,United States,48.54999924,-109.6840897
UKR,Ukraine,48.56705093,39.31705856
AUT,Austria,48.5699997,16.57666969
UKR,Ukraine,48.57527924,35.10680008
FRA,France,48.5834198,7.742959976
UKR,Ukraine,48.58879852,22.2750206
UKR,Ukraine,48.59558868,37.9998703
FRA,France,48.60641098,-2.881999969
RUS,Russian Federation,48.60734177,42.84621048
UKR,Ukraine,48.6166687,22.29999924
UKR,Ukraine,48.629879,38.54806137
FRA,France,48.63143158,-2.061439991
UKR,Ukraine,48.63479996,24.56936073
UKR,Ukraine,48.63750839,38.64279938
UKR,Ukraine,48.63798142,35.24547958
UKR,Ukraine,48.64308167,31.63656998
UKR,Ukraine,48.64331055,25.73793984
CAN,Canada,48.65007019,-72.44905853
UKR,Ukraine,48.65982819,35.05242157
AUT,Austria,48.66389084,16.24555969
UKR,Ukraine,48.66960907,33.11592865
SVK,Slovak Republic,48.67921829,17.36697006
FRA,France,48.68333054,6.199999809
UKR,Ukraine,48.68450165,26.58559036
UKR,Ukraine,48.68735123,33.92279053
USA,United States,48.69132996,-116.3163071
AUT,Austria,48.69158173,16.86951065
DEU,Germany,48.69443893,13.12139034
SVK,Slovak Republic,48.70040894,20.89366913
FRA,France,48.7081604,6.16960001
UKR,Ukraine,48.70970917,30.4482708
UKR,Ukraine,48.71089935,23.18510056
SVK,Slovak Republic,48.71105957,18.53388977
UKR,Ukraine,48.71278,32.66471863
SVK,Slovak Republic,48.71395111,21.25807953
KAZ,Kazakhstan,48.71667099,83.69999695
RUS,Russian Federation,48.71939087,44.50183868
UKR,Ukraine,48.72093964,33.07078171
UKR,Ukraine,48.72304916,37.55628967
FRA,France,48.73332977,1.366670012
UKR,Ukraine,48.74837875,30.22183991
SVK,Slovak Republic,48.75875855,17.56866074
USA,United States,48.75954819,-122.4882202
FRA,France,48.76202011,-0.598760009
DEU,Germany,48.7650795,11.42372036
DEU,Germany,48.76667023,12.81667042
CAN,Canada,48.76676941,-72.04904938
DEU,Germany,48.78231812,9.177020073
CAN,Canada,48.78340912,-87.09996033
DEU,Germany,48.78855133,12.7231102
DEU,Germany,48.79946899,9.798089981
FRA,France,48.79993057,2.332560062
RUS,Russian Federation,48.79999924,132.9499969
UKR,Ukraine,48.80332184,26.04347038
SVK,Slovak Republic,48.80430985,19.63631058
UKR,Ukraine,48.81143189,29.38977051
FRA,France,48.81380844,2.234999895
FRA,France,48.82104111,2.277179956
UKR,Ukraine,48.8225708,28.94070053
DEU,Germany,48.83776856,10.09329987
DEU,Germany,48.84085846,12.96068001
UKR,Ukraine,48.84661865,25.72620964
FRA,France,48.84720993,3.23232007
FRA,France,48.85340881,2.348799944
USA,United States,48.86138153,-122.6071091
UKR,Ukraine,48.8666687,37.6166687
CAN,Canada,48.87633896,-72.21202087
CAN,Canada,48.87646103,-72.22627258
FRA,France,48.88341141,2.238940001
SVK,Slovak Republic,48.88835907,21.68478966
UKR,Ukraine,48.88909149,26.85635948
UKR,Ukraine,48.88936997,36.31755066
FRA,France,48.89389038,2.288640022
FRA,France,48.89672089,2.256659985
UKR,Ukraine,48.90219116,24.84482002
UKR,Ukraine,48.90485001,38.44207001
UKR,Ukraine,48.90969849,37.02051163
FRA,France,48.91667175,2.383330107
UKR,Ukraine,48.91836166,24.65275002
UKR,Ukraine,48.92150116,24.70972061
RUS,Russian Federation,48.92264938,40.39672852
SVK,Slovak Republic,48.94464111,20.5615406
USA,United States,48.94644928,-101.8240891
FRA,France,48.94720841,3.083329916
UKR,Ukraine,48.94831848,38.49166107
MNG,Mongolia,48.96833038,89.96250153
CZE,Czech Republic,48.97446823,14.47434044
UKR,Ukraine,48.98836136,37.80224991
UKR,Ukraine,48.99089813,29.80470085
UKR,Ukraine,48.99620056,24.19747925
CAN,Canada,49.00003052,-72.54892731
UKR,Ukraine,49.0044899,29.42559052
DEU,Germany,49.00471878,8.385829926
UKR,Ukraine,49.00973129,33.64545822
UKR,Ukraine,49.01187134,24.3730793
UKR,Ukraine,49.01229096,38.37966919
DEU,Germany,49.01499939,12.09556007
UKR,Ukraine,49.01501083,38.30458069
UKR,Ukraine,49.01501846,31.0621109
CAN,Canada,49.03308868,-118.4356003
DEU,Germany,49.03417969,9.747489929
DEU,Germany,49.03684998,8.707449913
UKR,Ukraine,49.03704834,28.11200905
UKR,Ukraine,49.03717041,23.51346016
CAN,Canada,49.04905701,-122.2861176
SVK,Slovak Republic,49.05913162,20.07975006
CZE,Czech Republic,49.06253815,17.35083962
UKR,Ukraine,49.06253815,25.38797951
UKR,Ukraine,49.07263184,26.21409988
UKR,Ukraine,49.07717133,27.68255997
UKR,Ukraine,49.07865906,30.96754074
RUS,Russian Federation,49.08686066,140.2543335
UKR,Ukraine,49.09725189,33.4197197
UKR,Ukraine,49.10440826,25.91025925
FRA,France,49.10852051,1.441009998
UKR,Ukraine,49.10953903,28.68078041
SVK,Slovak Republic,49.153759,20.9638195
UKR,Ukraine,49.15410996,23.02967072
UKR,Ukraine,49.16373825,26.58394051
CAN,Canada,49.16633987,-123.9360123
CAN,Canada,49.18138123,-119.5526123
UKR,Ukraine,49.19385147,35.23942947
CAN,Canada,49.19468689,-123.0991135
CZE,Czech Republic,49.19522095,16.60795975
CHN,China,49.20000076,119.6999969
DEU,Germany,49.20145035,7.605289936
CAN,Canada,49.20677948,-122.9109192
UKR,Ukraine,49.20846176,39.58974838
CAN,Canada,49.20986939,-123.994812
UKR,Ukraine,49.22241974,31.88714027
CAN,Canada,49.23218918,-123.0241241
CAN,Canada,49.23242569,-123.023262
UKR,Ukraine,49.23278046,28.48097038
FRA,France,49.23332977,6.016670227
UKR,Ukraine,49.23458099,33.13613129
DEU,Germany,49.23540115,6.981649876
DEU,Germany,49.23847961,9.101799965
UKR,Ukraine,49.24544907,30.11020088
CAN,Canada,49.24966049,-123.119339
UKR,Ukraine,49.25865936,24.62775993
CAN,Canada,49.26582336,-123.2566299
CAN,Canada,49.26636124,-122.9526291
FRA,France,49.27070999,6.122489929
CAN,Canada,49.2752533,-122.9924698
FRA,France,49.27809906,1.943899989
UKR,Ukraine,49.27832031,38.91069031
UKR,Ukraine,49.2783699,23.50617981
CAN,Canada,49.28113937,-123.1258774
CAN,Canada,49.28178787,-123.1174316
CAN,Canada,49.28536224,-123.1157379
UKR,Ukraine,49.28672028,23.43238068
DEU,Germany,49.28998947,10.65970993
POL,Poland,49.29898834,19.94885063
DEU,Germany,49.30102921,9.651229858
CZE,Czech Republic,49.30879974,14.14750004
FRA,France,49.31534958,2.319540024
CAN,Canada,49.31636047,-123.0693436
UKR,Ukraine,49.3250885,28.08094025
UKR,Ukraine,49.33483124,23.24887085
UKR,Ukraine,49.34394836,34.31084061
UKR,Ukraine,49.34991074,23.50560951
UKR,Ukraine,49.37770081,37.62136078
UKR,Ukraine,49.37871933,40.13016129
UKR,Ukraine,49.37889862,32.14643097
UKR,Ukraine,49.38179016,30.45137024
UKR,Ukraine,49.38784027,33.25959015
CZE,Czech Republic,49.38832855,17.07107925
CZE,Czech Republic,49.39551926,13.29504967
UKR,Ukraine,49.39599991,25.60518074
UKR,Ukraine,49.40663147,24.31360054
CZE,Czech Republic,49.41440964,14.65779972
UKR,Ukraine,49.41699982,31.92008972
FRA,France,49.41793823,2.826060057
RUS,Russian Federation,49.4211998,130.084198
UKR,Ukraine,49.42161179,26.99653053
UKR,Ukraine,49.42731857,25.97868919
UKR,Ukraine,49.42853928,32.06206894
FRA,France,49.44313049,1.099320054
DEU,Germany,49.44451904,7.5553298
DEU,Germany,49.44778061,11.06832981
UKR,Ukraine,49.45000076,24.93333054
DEU,Germany,49.45346832,12.17996025
CZE,Czech Republic,49.45510864,17.45089912
UKR,Ukraine,49.4566803,35.12947083
UKR,Ukraine,49.46144104,24.06229973
CZE,Czech Republic,49.47180939,17.97113037
CZE,Czech Republic,49.47409821,18.04435921
DEU,Germany,49.47801971,9.313699722
FRA,France,49.49380112,0.107670002
DEU,Germany,49.49671173,8.479550362
DEU,Germany,49.5064888,8.211859703
UKR,Ukraine,49.51472855,31.74757004
FRA,France,49.52096176,5.368350029
CAN,Canada,49.52579117,-96.68450928
UKR,Ukraine,49.53121948,25.57901001
LUX,Luxembourg,49.54499817,6.366940022
UKR,Ukraine,49.54639816,39.08987045
POL,Poland,49.55572891,22.20560074
UKR,Ukraine,49.55588913,25.6055603
UKR,Ukraine,49.55831909,30.49258995
UKR,Ukraine,49.55979157,27.95754051
CZE,Czech Republic,49.57672119,18.76457977
CZE,Czech Republic,49.57683945,15.73855019
RUS,Russian Federation,49.57860184,42.73600006
UKR,Ukraine,49.59030914,33.18048859
UKR,Ukraine,49.59373093,34.54072952
CZE,Czech Republic,49.59552002,17.25175095
CHN,China,49.59999847,117.4333267
CAN,Canada,49.6016655,-119.6945572
CZE,Czech Republic,49.60195923,13.86429977
LUX,Luxembourg,49.61167145,6.130000114
BEL,Belgium,49.61196137,5.656879902
POL,Poland,49.62176895,20.6970501
RUS,Russian Federation,49.6333313,117.3166733
KAZ,Kazakhstan,49.63528061,83.52333069
CZE,Czech Republic,49.64012909,14.63809013
UKR,Ukraine,49.64236832,30.79001999
UKR,Ukraine,49.6635704,25.77615929
UKR,Ukraine,49.6648407,25.14096069
UKR,Ukraine,49.6652298,24.55846024
LUX,Luxembourg,49.66860962,6.14222002
UKR,Ukraine,49.66886139,32.03773117
UKR,Ukraine,49.67079163,32.32387161
BEL,Belgium,49.68333054,5.816669941
CZE,Czech Republic,49.68988037,14.01043034
POL,Poland,49.69578171,22.74625015
CAN,Canada,49.6958046,-112.8379364
UKR,Ukraine,49.69585037,37.17348099
UKR,Ukraine,49.69664002,36.36109161
RUS,Russian Federation,49.70886993,39.8592186
UKR,Ukraine,49.71430969,28.83385086
POL,Poland,49.71554947,21.8094101
KAZ,Kazakhstan,49.71611023,81.58361054
POL,Poland,49.72153091,18.80197907
POL,Poland,49.7285881,20.32538986
UKR,Ukraine,49.73176956,29.66568947
KAZ,Kazakhstan,49.73860931,84.27194214
CZE,Czech Republic,49.74747086,13.37759018
DEU,Germany,49.75215912,11.54187012
DEU,Germany,49.75564957,6.639349937
CAN,Canada,49.75620651,-94.57226563
UKR,Ukraine,49.75621033,24.01028061
UKR,Ukraine,49.75764084,27.20342064
POL,Poland,49.7628212,19.08972931
POL,Poland,49.78498077,22.76728058
UKR,Ukraine,49.78583145,36.07527924
CAN,Canada,49.78702927,-112.1460266
LUX,Luxembourg,49.78749847,6.069439888
DEU,Germany,49.78778076,9.936109543
UKR,Ukraine,49.78892136,23.37218094
KAZ,Kazakhstan,49.79888916,73.09944153
POL,Poland,49.79977036,22.1002903
UKR,Ukraine,49.80939102,30.11208916
UKR,Ukraine,49.80973816,26.87714005
KAZ,Kazakhstan,49.82332993,72.63417053
UKR,Ukraine,49.82500839,34.52787018
UKR,Ukraine,49.82619095,30.41486931
UKR,Ukraine,49.83332825,23.89999962
CZE,Czech Republic,49.83464813,18.28203964
UKR,Ukraine,49.83826065,24.02323914
DEU,Germany,49.84140015,7.867129803
CAN,Canada,49.84692001,-99.95305634
CAN,Canada,49.84948349,-99.93984985
UKR,Ukraine,49.86233139,30.8281498
CZE,Czech Republic,49.86650085,14.26175976
DEU,Germany,49.87055969,8.649439812
UKR,Ukraine,49.88005066,36.73722839
POL,Poland,49.88214111,19.22332954
CAN,Canada,49.88375855,-119.4517212
CAN,Canada,49.88439941,-97.14704132
CAN,Canada,49.89247894,-97.14064026
UKR,Ukraine,49.89337158,36.02243042
DEU,Germany,49.89873123,10.90067005
UKR,Ukraine,49.89928055,28.60235024
CAN,Canada,49.89951706,-97.20002747
FRA,France,49.90000153,2.299999952
UKR,Ukraine,49.91342926,36.17510986
RUS,Russian Federation,49.93576813,40.54499817
UKR,Ukraine,49.94691086,35.92906952
CZE,Czech Republic,49.95109177,15.79557991
DEU,Germany,49.96794128,6.527339935
LUX,Luxembourg,49.96889114,5.931940079
POL,Poland,49.96905136,20.43028069
POL,Poland,49.97386169,21.17425919
KAZ,Kazakhstan,49.97888947,82.6102829
UKR,Ukraine,49.98080826,36.25271988
UKR,Ukraine,49.98226929,36.38417816
DEU,Germany,49.9841919,8.279100418
POL,Poland,49.99097061,18.35077095
CZE,Czech Republic,49.9911499,14.74155045
UKR,Ukraine,49.99483872,31.5628109
UKR,Ukraine,50.00508118,25.51182938
POL,Poland,50.00646973,19.37575913
POL,Poland,50.0138092,20.98698044
UKR,Ukraine,50.01625061,32.99694061
UKR,Ukraine,50.02288055,29.02022934
CAN,Canada,50.02884293,-125.2452545
CAN,Canada,50.03081131,-100.2402878
POL,Poland,50.03437042,19.21036911
DEU,Germany,50.03520966,10.5156002
CAN,Canada,50.03714752,-110.6772919
CZE,Czech Republic,50.0407486,15.77659035
POL,Poland,50.0413208,21.99901009
CAN,Canada,50.05006027,-110.6683426
POL,Poland,50.05146027,21.41140938
KAZ,Kazakhstan,50.05443955,72.94833374
POL,Poland,50.05912018,22.49407959
RUS,Russian Federation,50.06000137,43.23789978
UKR,Ukraine,50.06354141,36.16564179
UKR,Ukraine,50.0766983,29.91769981
DEU,Germany,50.08258057,8.24932003
POL,Poland,50.08332825,19.91666985
UKR,Ukraine,50.0879097,25.15027046
CZE,Czech Republic,50.0880394,14.42076016
CZE,Czech Republic,50.08966827,17.70384979
RUS,Russian Federation,50.09693909,128.0488892
POL,Poland,50.09712982,18.54179001
RUS,Russian Federation,50.09790039,118.0369034
RUS,Russian Federation,50.09833145,45.41601181
FRA,France,50.09999847,1.833330035
POL,Poland,50.10186005,19.42227936
DEU,Germany,50.10216904,11.88848972
UKR,Ukraine,50.10997009,30.62272072
DEU,Germany,50.11552048,8.684169769
UKR,Ukraine,50.11711884,32.43610001
UKR,Ukraine,50.1180191,30.78141022
DEU,Germany,50.1333313,7.116670132
DEU,Germany,50.14328003,8.571109772
BEL,Belgium,50.1510582,4.327420235
POL,Poland,50.1570015,23.1233902
FRA,France,50.18333054,3.166670084
UKR,Ukraine,50.18492127,27.53628922
UKR,Ukraine,50.18545151,27.06365013
UKR,Ukraine,50.18692017,30.3134594
CAN,Canada,50.19208908,-96.81749725
POL,Poland,50.19692993,21.27692986
DEU,Germany,50.19715881,6.82942009
RUS,Russian Federation,50.19828033,39.56726074
CAN,Canada,50.20011139,-66.38208008
RUS,Russian Federation,50.20349884,38.1067009
DEU,Germany,50.20679092,9.277609825
UKR,Ukraine,50.23154068,24.37700081
UKR,Ukraine,50.2360611,36.16835022
UKR,Ukraine,50.23910141,25.76575089
UKR,Ukraine,50.24449921,32.51073074
UKR,Ukraine,50.25482178,33.34601975
UKR,Ukraine,50.25836182,27.68808937
POL,Poland,50.25841904,19.02754021
UKR,Ukraine,50.26486969,28.67668915
CHN,China,50.26667023,127.4666672
RUS,Russian Federation,50.26667023,127.5333328
UKR,Ukraine,50.26731873,32.94195938
RUS,Russian Federation,50.27368164,39.31470108
UKR,Ukraine,50.27423096,30.3270607
KAZ,Kazakhstan,50.27968979,57.20718002
CAN,Canada,50.28337097,-107.8013535
DEU,Germany,50.30181885,11.92856026
DEU,Germany,50.3096695,6.729780197
UKR,Ukraine,50.3142395,24.81756973
CAN,Canada,50.31641007,-122.8027267
GBR,United Kingdom,50.31666946,-3.916670084
UKR,Ukraine,50.31909943,30.29727936
RUS,Russian Federation,50.32112885,44.80118942
DEU,Germany,50.32677841,9.557929993
UKR,Ukraine,50.32899857,30.71059036
UKR,Ukraine,50.32941818,26.5142498
UKR,Ukraine,50.33068085,30.4683609
DEU,Germany,50.33332825,6.583330154
RUS,Russian Federation,50.35123062,36.82979965
UKR,Ukraine,50.35269165,30.95500946
KAZ,Kazakhstan,50.35499954,83.51332855
RUS,Russian Federation,50.35572815,44.11680985
UKR,Ukraine,50.36046982,25.11071014
UKR,Ukraine,50.36098099,31.32172966
UKR,Ukraine,50.36811066,23.74894905
GBR,United Kingdom,50.36883926,-4.869349957
UKR,Ukraine,50.37112045,33.99098969
GBR,United Kingdom,50.37152863,-4.143050194
RUS,Russian Federation,50.37409973,103.2863007
FRA,France,50.3833313,3.483330011
RUS,Russian Federation,50.3833313,116.5166702
UKR,Ukraine,50.38912964,30.37050057
UKR,Ukraine,50.39104843,24.23513985
CAN,Canada,50.40005112,-105.5344467
POL,Poland,50.40372849,16.51271057
RUS,Russian Federation,50.40967178,36.91360092
KAZ,Kazakhstan,50.41110992,80.22750092
BEL,Belgium,50.41136169,4.444479942
POL,Poland,50.41164017,21.15014076
UKR,Ukraine,50.41693878,25.73431969
CAN,Canada,50.44363785,-104.5725174
POL,Poland,50.44548035,18.86146927
CAN,Canada,50.45214462,-104.6104507
UKR,Ukraine,50.45465851,30.5237999
UKR,Ukraine,50.45652008,28.67017937
UKR,Ukraine,50.46274948,30.7836895
DEU,Germany,50.4635582,11.5377903
UKR,Ukraine,50.46408081,29.8112793
BEL,Belgium,50.46689987,4.867459774
UKR,Ukraine,50.47438049,24.28288078
POL,Poland,50.47515106,17.96538925
POL,Poland,50.47515106,22.47287941
DEU,Germany,50.47787857,12.37129021
DEU,Germany,50.48332977,7.599999905
DEU,Germany,50.48332977,10.43332958
UKR,Ukraine,50.48432159,30.90303993
CZE,Czech Republic,50.49232101,13.03211975
UKR,Ukraine,50.4961319,29.22911072
UKR,Ukraine,50.50276184,31.78491974
CZE,Czech Republic,50.5030098,13.63617039
RUS,Russian Federation,50.51667023,115.1333313
UKR,Ukraine,50.51808929,30.80670929
RUS,Russian Federation,50.51987839,36.45877838
UKR,Ukraine,50.52059937,26.24250984
UKR,Ukraine,50.5217514,30.25054932
FRA,France,50.53332901,2.633330107
DEU,Germany,50.54322052,7.111299992
UKR,Ukraine,50.5434494,30.21200943
UKR,Ukraine,50.54439926,30.15304947
RUS,Russian Federation,50.55199051,137.0152435
BEL,Belgium,50.56148911,4.698890209
CAN,Canada,50.5657692,-111.8964462
BEL,Belgium,50.57904053,4.071290016
POL,Poland,50.58285904,22.05334091
GBR,United Kingdom,50.58332825,-3.549999952
UKR,Ukraine,50.58415985,30.01133919
UKR,Ukraine,50.58475876,30.4897995
UKR,Ukraine,50.58517838,34.48490143
UKR,Ukraine,50.58560944,26.31600952
UKR,Ukraine,50.59323883,32.38761139
UKR,Ukraine,50.59412003,27.61650085
UKR,Ukraine,50.60029984,26.67435074
UKR,Ukraine,50.60145187,26.18486023
CZE,Czech Republic,50.60190964,15.33551979
DEU,Germany,50.60528183,8.70238018
RUS,Russian Federation,50.61074066,36.5801506
UKR,Ukraine,50.62308121,26.22743034
RUS,Russian Federation,50.63090134,38.69029999
BEL,Belgium,50.63373184,5.567490101
CZE,Czech Republic,50.64039993,13.82450962
DEU,Germany,50.64310074,13.47389984
RUS,Russian Federation,50.64920044,38.40359879
POL,Poland,50.66667175,17.95000076
BEL,Belgium,50.66828919,4.614429951
GBR,United Kingdom,50.68466187,-1.536880016
UKR,Ukraine,50.69295883,28.63446045
UKR,Ukraine,50.69377899,29.6193409
FRA,France,50.69421005,3.17456007
RUS,Russian Federation,50.6977005,103.4655991
POL,Poland,50.69836044,17.38448906
GBR,United Kingdom,50.72048187,-1.879500031
POL,Poland,50.72314072,23.25196075
GBR,United Kingdom,50.72359848,-3.527509928
DEU,Germany,50.72370148,10.0036602
UKR,Ukraine,50.72626877,30.9344101
DEU,Germany,50.72724152,12.48838997
POL,Poland,50.72874069,18.44500923
POL,Poland,50.73146057,21.28059959
DEU,Germany,50.73437882,7.095479965
UKR,Ukraine,50.73699951,24.64944077
POL,Poland,50.74869919,17.61688042
UKR,Ukraine,50.75104141,33.47470856
KAZ,Kazakhstan,50.75667191,78.54000092
UKR,Ukraine,50.75931931,25.34243965
GBR,United Kingdom,50.76057053,-1.324110031
POL,Poland,50.7714119,16.28432083
UKR,Ukraine,50.77233124,29.23833084
DEU,Germany,50.77664185,6.0834198
RUS,Russian Federation,50.78543091,36.48310089
POL,Poland,50.79312897,15.83559036
GBR,United Kingdom,50.79508972,-1.129019976
POL,Poland,50.7964592,19.1240902
RUS,Russian Federation,50.79898071,44.55855942
GBR,United Kingdom,50.79898834,-1.091249943
RUS,Russian Federation,50.80720902,37.20853043
CAN,Canada,50.81010819,-121.3246002
RUS,Russian Federation,50.81832886,60.85194016
BEL,Belgium,50.82802963,3.264869928
GBR,United Kingdom,50.82838059,-0.139469996
UKR,Ukraine,50.82902145,34.95861054
GBR,United Kingdom,50.83087921,-0.167199999
GBR,United Kingdom,50.83119965,-0.637889981
NLD,Netherlands,50.84833145,5.68888998
RUS,Russian Federation,50.84970093,40.1719017
BEL,Belgium,50.85044861,4.348780155
UKR,Ukraine,50.85253143,24.32364082
DEU,Germany,50.87482071,8.024310112
DEU,Germany,50.88029099,12.08187008
GBR,United Kingdom,50.88298035,-2.795880079
CAN,Canada,50.88341141,-109.5515366
BEL,Belgium,50.88365173,4.472980022
NLD,Netherlands,50.88365173,5.981540203
DEU,Germany,50.89287949,12.47334003
CAN,Canada,50.90348053,-114.0759888
POL,Poland,50.91339874,16.43240929
GBR,United Kingdom,50.91439819,-1.565529943
CAN,Canada,50.91484833,-113.9772491
UKR,Ukraine,50.91542053,25.26906014
RUS,Russian Federation,50.91582871,128.4611053
POL,Poland,50.91915894,23.54602051
UKR,Ukraine,50.92160034,34.80028915
RUS,Russian Federation,50.92760086,84.76100159
POL,Poland,50.92935944,21.38525009
DEU,Germany,50.93333054,6.949999809
CAN,Canada,50.95011139,-112.1851273
UKR,Ukraine,50.95936966,28.63854981
DEU,Germany,50.97869873,11.03283024
CAN,Canada,50.97967148,-114.0759506
RUS,Russian Federation,50.98405075,39.51544952
RUS,Russian Federation,50.98448181,44.77347183
FRA,France,50.98651123,2.128070116
NLD,Netherlands,50.99832916,5.869440079
CAN,Canada,50.99900436,-118.1990356
DEU,Germany,51.00328064,11.48688984
BEL,Belgium,51.02574158,4.477620125
POL,Poland,51.03081131,15.42016983
GBR,United Kingdom,51.03332901,-4.183330059
DEU,Germany,51.03332901,7.616670132
RUS,Russian Federation,51.03741074,36.73252106
CAN,Canada,51.04658127,-114.0634537
CAN,Canada,51.04739761,-114.0652695
UKR,Ukraine,51.04801178,31.88688088
BEL,Belgium,51.04999924,3.716670036
CAN,Canada,51.05010986,-114.085289
CAN,Canada,51.0507431,-114.0759506
DEU,Germany,51.05089188,13.73832035
UKR,Ukraine,51.05210114,25.4005909
RUS,Russian Federation,51.05443955,35.71611023
RUS,Russian Federation,51.06293869,36.13425827
GBR,United Kingdom,51.06930924,-1.79568994
DEU,Germany,51.07273865,13.12419033
POL,Poland,51.0739212,20.25835991
GBR,United Kingdom,51.08332825,1.183330059
CAN,Canada,51.08832932,-114.0037155
RUS,Russian Federation,51.0961113,40.03332901
RUS,Russian Federation,51.09690094,41.62519836
POL,Poland,51.09999847,17.03333092
RUS,Russian Federation,51.09999847,114.5299988
RUS,Russian Federation,51.11444092,40.72999954
UKR,Ukraine,51.11547852,28.05463028
DEU,Germany,51.11885071,9.53151989
DEU,Germany,51.12353134,13.14031029
GBR,United Kingdom,51.12836838,-3.003560066
DEU,Germany,51.13180924,9.275569916
CAN,Canada,51.13328552,-114.2172546
DEU,Germany,51.1362114,13.12903023
POL,Poland,51.13632965,22.99815941
RUS,Russian Federation,51.14210129,40.30210114
DEU,Germany,51.14226151,14.79722023
POL,Poland,51.14942169,15.00835037
CAN,Canada,51.15212631,-114.0628204
DEU,Germany,51.15518189,14.98853016
BEL,Belgium,51.16508865,4.143700123
BEL,Belgium,51.16556931,4.989170074
KAZ,Kazakhstan,51.16778183,52.99499893
GBR,United Kingdom,51.17481995,-0.01287
KAZ,Kazakhstan,51.18009949,71.44597626
DEU,Germany,51.18035126,14.43494034
RUS,Russian Federation,51.19449997,42.24570084
DEU,Germany,51.19644165,14.65874004
RUS,Russian Federation,51.20301056,58.32664871
RUS,Russian Federation,51.20486832,58.56684876
GBR,United Kingdom,51.20793915,-2.648960114
POL,Poland,51.21006012,16.16189957
DEU,Germany,51.21184158,10.49032021
UKR,Ukraine,51.21525955,24.70866966
BEL,Belgium,51.21989059,4.403460026
DEU,Germany,51.22172165,6.776159763
BEL,Belgium,51.22338867,2.911849976
KAZ,Kazakhstan,51.23332977,51.3666687
GBR,United Kingdom,51.23535919,-0.57427001
POL,Poland,51.23666,23.59486008
UKR,Ukraine,51.2403183,33.20262909
GBR,United Kingdom,51.24676895,0.606819987
GBR,United Kingdom,51.24776077,-2.21833992
POL,Poland,51.25,22.56666946
DEU,Germany,51.25181961,9.407469749
RUS,Russian Federation,51.27299881,108.8430023
UKR,Ukraine,51.27959824,27.2140007
RUS,Russian Federation,51.29666901,37.84167099
RUS,Russian Federation,51.30718994,39.21731949
DEU,Germany,51.31666946,6.283329964
GBR,United Kingdom,51.31903076,-0.55892998
GBR,United Kingdom,51.32365036,-2.980700016
UKR,Ukraine,51.32460022,28.80351067
GBR,United Kingdom,51.33575821,1.415519953
DEU,Germany,51.33961868,12.37129021
RUS,Russian Federation,51.35129929,48.27659988
RUS,Russian Federation,51.35570145,80.19419861
NLD,Netherlands,51.36999893,6.168059826
GBR,United Kingdom,51.3833313,-0.100000001
RUS,Russian Federation,51.40000153,46.03332901
POL,Poland,51.40253067,21.1471405
GBR,United Kingdom,51.40605927,-0.413700014
GBR,United Kingdom,51.40605927,0.01519
POL,Poland,51.41625977,16.42510033
GBR,United Kingdom,51.41667175,-2.849999905
RUS,Russian Federation,51.41852951,36.74990082
POL,Poland,51.42639923,17.93354988
DEU,Germany,51.43333054,14.25
UKR,Ukraine,51.43761826,24.43997002
NLD,Netherlands,51.44083023,5.477779865
RUS,Russian Federation,51.45000076,46.73332977
GBR,United Kingdom,51.45523071,-2.596649885
GBR,United Kingdom,51.45624924,-0.971130013
GBR,United Kingdom,51.47999954,-3.180000067
NLD,Netherlands,51.49250031,4.050000191
NLD,Netherlands,51.49499893,4.291669846
GBR,United Kingdom,51.49514008,-0.100570001
DEU,Germany,51.5,12
RUS,Russian Federation,51.5,44.47579956
RUS,Russian Federation,51.5,81.25
RUS,Russian Federation,51.5,156.5166626
DEU,Germany,51.50180054,10.79570007
POL,Poland,51.50391007,16.07261086
NLD,Netherlands,51.50416946,3.888890028
UKR,Ukraine,51.50550842,31.28487968
GBR,United Kingdom,51.50582886,-3.577219963
GBR,United Kingdom,51.50852966,-0.125740007
DEU,Germany,51.51493835,7.46600008
GBR,United Kingdom,51.522789,-0.719860017
DEU,Germany,51.5275383,11.54835033
GBR,United Kingdom,51.52865982,-0.355080009
NLD,Netherlands,51.53083038,4.465280056
RUS,Russian Federation,51.54582977,39.08916855
RUS,Russian Federation,51.54610062,118.3265991
RUS,Russian Federation,51.55020142,43.16669846
GBR,United Kingdom,51.55305862,-0.302300006
DEU,Germany,51.55493164,7.914030075
GBR,United Kingdom,51.55796814,-1.781159997
RUS,Russian Federation,51.56549835,34.68220139
UKR,Ukraine,51.56637955,32.95861054
RUS,Russian Federation,51.56666946,46.03332901
RUS,Russian Federation,51.56856918,45.83311844
GBR,United Kingdom,51.58610153,-0.555429995
GBR,United Kingdom,51.58774185,-2.998349905
POL,Poland,51.59584045,18.73023033
RUS,Russian Federation,51.59999847,116.6333313
GBR,United Kingdom,51.62078857,-3.943229914
KAZ,Kazakhstan,51.6213913,73.10694122
GBR,United Kingdom,51.64086914,-2.676830053
RUS,Russian Federation,51.64176941,39.40863037
NLD,Netherlands,51.64500046,4.85972023
RUS,Russian Federation,51.64670181,40.13460159
DEU,Germany,51.65000153,9
DEU,Germany,51.65005875,11.11647987
RUS,Russian Federation,51.65943909,103.7061081
POL,Poland,51.66360855,16.08449936
KAZ,Kazakhstan,51.66667175,75.3666687
DEU,Germany,51.66690064,6.620369911
RUS,Russian Federation,51.67013168,115.6254272
GBR,United Kingdom,51.67139053,-3.529720068
RUS,Russian Federation,51.67203903,39.18429947
GBR,United Kingdom,51.67597961,-4.136670113
RUS,Russian Federation,51.67802811,41.63750076
UKR,Ukraine,51.67821884,33.91619873
DEU,Germany,51.68190002,9.310270309
RUS,Russian Federation,51.68526077,39.02787018
NLD,Netherlands,51.68917084,3.733330011
RUS,Russian Federation,51.70000076,94.44999695
KAZ,Kazakhstan,51.70056152,70.99944305
GBR,United Kingdom,51.71511078,-5.055540085
RUS,Russian Federation,51.71590042,108.2690964
NLD,Netherlands,51.73083115,5.879169941
POL,Poland,51.73186874,20.85153961
GBR,United Kingdom,51.73332977,-2.366669893
RUS,Russian Federation,51.73733139,36.18735123
RUS,Russian Federation,51.74097824,39.36655045
GBR,United Kingdom,51.75,-0.333330005
POL,Poland,51.75,19.46666908
GBR,United Kingdom,51.75222015,-1.255959988
RUS,Russian Federation,51.7539711,39.58731079
DEU,Germany,51.75769043,14.32888031
RUS,Russian Federation,51.75780106,48.54130173
GBR,United Kingdom,51.76039887,-0.56528002
POL,Poland,51.76108933,18.09102058
RUS,Russian Federation,51.76509857,39.54040146
RUS,Russian Federation,51.76607895,55.26647949
RUS,Russian Federation,51.77270126,55.09880066
DEU,Germany,51.78826141,6.13864994
DEU,Germany,51.78842926,11.1500597
POL,Poland,51.79874039,18.33893013
RUS,Russian Federation,51.80036163,107.4443665
POL,Poland,51.80332947,15.71702004
GBR,United Kingdom,51.80395889,-4.075270176
DEU,Germany,51.80408096,9.351519585
DEU,Germany,51.80479813,13.6467104
RUS,Russian Federation,51.82604981,107.609787
DEU,Germany,51.82889938,8.147239685
DEU,Germany,51.83863831,12.24555016
DEU,Germany,51.83879089,6.615310192
NLD,Netherlands,51.84500122,4.329170227
POL,Poland,51.84766007,15.71105003
GBR,United Kingdom,51.84999847,-2.266669989
GBR,United Kingdom,51.85805893,1.116299987
UKR,Ukraine,51.86296082,33.46979904
NLD,Netherlands,51.87670136,6.258769989
DEU,Germany,51.8833313,8.516670227
NLD,Netherlands,51.88666916,5.429170132
DEU,Germany,51.89561844,11.05622006
IRL,Ireland,51.89796829,-8.470609665
DEU,Germany,51.90000153,13.55000019
GBR,United Kingdom,51.90224075,-0.202559993
RUS,Russian Federation,51.91569901,39.33609009
NLD,Netherlands,51.92250061,4.479169846
POL,Poland,51.93547821,15.50642967
DEU,Germany,51.94842148,13.0886097
RUS,Russian Federation,51.94952011,55.17314148
KAZ,Kazakhstan,51.95249939,76.02111054
DEU,Germany,51.96236038,7.625710011
NLD,Netherlands,51.96500015,6.288889885
RUS,Russian Federation,51.96500015,59.8966713
DEU,Germany,51.96620178,12.08516979
NLD,Netherlands,51.97000122,5.666669846
NLD,Netherlands,51.97999954,5.911109924
POL,Poland,51.98551178,19.90653992
NLD,Netherlands,51.98667145,6.566669941
RUS,Russian Federation,51.98703003,43.27310181
NLD,Netherlands,51.99417114,4.209720135
GBR,United Kingdom,51.99465942,-1.25217998
GBR,United Kingdom,52.00712967,-0.265650004
POL,Poland,52.01548004,18.50054932
GBR,United Kingdom,52.02386856,-4.800680161
GBR,United Kingdom,52.02619934,0.038619999
RUS,Russian Federation,52.02658844,37.88539887
CAN,Canada,52.02687836,-113.9507065
RUS,Russian Federation,52.02782059,47.80070114
NLD,Netherlands,52.0286293,5.558909893
NLD,Netherlands,52.03332901,5.658329964
DEU,Germany,52.03332901,8.533329964
RUS,Russian Federation,52.03332901,47.3833313
RUS,Russian Federation,52.03332901,113.5500031
NLD,Netherlands,52.03633881,4.325009823
GBR,United Kingdom,52.04172134,-0.75582999
RUS,Russian Federation,52.04661942,39.72880173
GBR,United Kingdom,52.04832077,-0.02438
NLD,Netherlands,52.05749893,4.493060112
NLD,Netherlands,52.0766716,4.29861021
DEU,Germany,52.07936096,7.013440132
NLD,Netherlands,52.08250046,4.75
CAN,Canada,52.08610153,-101.0400772
NLD,Netherlands,52.09083176,5.122220039
RUS,Russian Federation,52.09339905,53.65280151
BLR,Belarus,52.09754944,23.68774986
CAN,Canada,52.10580063,-101.2675934
DEU,Germany,52.11104965,14.49705029
CAN,Canada,52.11679077,-106.6345215
BLR,Belarus,52.12358856,26.06981087
DEU,Germany,52.12773132,11.62915993
CAN,Canada,52.12805176,-122.142189
GBR,United Kingdom,52.12910843,-0.215609998
NLD,Netherlands,52.15499878,5.387499809
DEU,Germany,52.15592957,14.61096001
POL,Poland,52.1677208,22.29006004
DEU,Germany,52.18413925,14.57804012
GBR,United Kingdom,52.18445969,-0.687590003
NLD,Netherlands,52.20999908,5.969439983
GBR,United Kingdom,52.21057892,0.060940001
RUS,Russian Federation,52.21389008,104.0999985
NLD,Netherlands,52.21833038,6.895830154
POL,Poland,52.22943878,20.23838043
POL,Poland,52.22977066,21.01177979
POL,Poland,52.23064041,19.36408997
DEU,Germany,52.23778915,8.919010162
GBR,United Kingdom,52.25,-0.883329988
DEU,Germany,52.26594162,10.52672958
DEU,Germany,52.27264023,8.049799919
RUS,Russian Federation,52.29777908,104.2963867
GBR,United Kingdom,52.29999924,-2.583329916
KAZ,Kazakhstan,52.29999924,76.94999695
POL,Poland,52.3031807,19.19216919
RUS,Russian Federation,52.30443955,85.07805634
CAN,Canada,52.31681061,-114.0852966
RUS,Russian Federation,52.31847,42.49369049
POL,Poland,52.32511902,17.56518936
CAN,Canada,52.32575607,-112.7147827
NLD,Netherlands,52.33000183,5.541669846
CHN,China,52.33332825,124.7333298
NLD,Netherlands,52.33964157,4.962560177
DEU,Germany,52.34714127,14.55062008
KAZ,Kazakhstan,52.35443878,71.88694
GBR,United Kingdom,52.3666687,-0.066670001
DEU,Germany,52.3666687,13.61666966
NLD,Netherlands,52.3702507,5.214129925
DEU,Germany,52.37052155,9.7332201
GBR,United Kingdom,52.37091827,-1.264170051
DEU,Germany,52.37326813,13.7865696
NLD,Netherlands,52.37403107,4.889689922
DEU,Germany,52.39654923,13.05793953
RUS,Russian Federation,52.39820099,49.96099854
DEU,Germany,52.40462875,12.10101986
POL,Poland,52.40692139,16.92992973
RUS,Russian Federation,52.41500092,104.0494385
DEU,Germany,52.41667175,12.55000019
RUS,Russian Federation,52.42533875,37.60689163
BLR,Belarus,52.43825913,30.98226929
GBR,United Kingdom,52.45415115,1.730990052
KAZ,Kazakhstan,52.45806122,68.1838913
RUS,Russian Federation,52.46583176,104.4024963
RUS,Russian Federation,52.46632004,43.71199036
GBR,United Kingdom,52.47520065,1.751590014
GBR,United Kingdom,52.48141861,-1.899829984
GBR,United Kingdom,52.48173142,-2.121390104
DEU,Germany,52.49021149,9.289850235
RUS,Russian Federation,52.49657059,39.93592835
NLD,Netherlands,52.51166916,6.256939888
NLD,Netherlands,52.51250076,6.094439983
GBR,United Kingdom,52.52323151,-1.465229988
DEU,Germany,52.52436829,13.41053009
GBR,United Kingdom,52.52714157,0.387829989
RUS,Russian Federation,52.5363884,85.20722199
RUS,Russian Federation,52.53667069,103.8863907
KAZ,Kazakhstan,52.53694153,62.49361038
POL,Poland,52.54682159,19.70638084
DEU,Germany,52.54994965,14.49989033
NLD,Netherlands,52.60251999,4.688149929
RUS,Russian Federation,52.60311127,39.57075882
DEU,Germany,52.61098862,7.085680008
RUS,Russian Federation,52.62366104,38.50168991
KAZ,Kazakhstan,52.62916946,70.41693878
GBR,United Kingdom,52.65000153,-0.483330011
RUS,Russian Federation,52.65499878,90.09278107
IRL,Ireland,52.66471863,-8.623060226
RUS,Russian Federation,52.67139053,41.90333176
GBR,United Kingdom,52.67197037,0.188309997
DEU,Germany,52.67412186,7.484600067
POL,Poland,52.67562103,18.33131027
DEU,Germany,52.67982101,13.58708
DEU,Germany,52.68452835,7.952229977
DEU,Germany,52.6906395,7.290969849
NLD,Netherlands,52.6958313,6.194439888
RUS,Russian Federation,52.71667099,55.79999924
RUS,Russian Federation,52.71805954,58.66582871
RUS,Russian Federation,52.71815109,50.03218842
DEU,Germany,52.72631836,8.285980225
RUS,Russian Federation,52.73167038,41.4338913
RUS,Russian Federation,52.73524094,32.30857086
POL,Poland,52.7367897,15.22877979
POL,Poland,52.73900986,14.69799995
RUS,Russian Federation,52.75194168,103.6452789
NLD,Netherlands,52.75915146,5.075339794
GBR,United Kingdom,52.76667023,-1.566669941
RUS,Russian Federation,52.76667023,55.78332901
RUS,Russian Federation,52.78070068,52.26350021
BLR,Belarus,52.78792954,27.54348946
DEU,Germany,52.79162979,11.72204018
DEU,Germany,52.79764175,7.225540161
POL,Poland,52.79885864,18.26387978
RUS,Russian Federation,52.80199814,51.16600037
RUS,Russian Federation,52.80500031,104.7508316
DEU,Germany,52.80781174,9.14027977
RUS,Russian Federation,52.82543945,34.49959946
DEU,Germany,52.83491898,13.81951046
GBR,United Kingdom,52.84524155,-1.64598
DEU,Germany,52.84999847,9.583330154
GBR,United Kingdom,52.8670311,-2.192150116
RUS,Russian Federation,52.86917114,103.4608307
DEU,Germany,52.88188171,9.730739594
DEU,Germany,52.89448166,8.186090469
GBR,United Kingdom,52.91149139,-0.641839981
POL,Poland,52.91661072,22.51712036
RUS,Russian Federation,52.92089844,87.98690033
GBR,United Kingdom,52.92277145,-1.476629972
DEU,Germany,52.92815018,12.80311012
KAZ,Kazakhstan,52.93333054,70.19999695
RUS,Russian Federation,52.93360138,33.44639969
RUS,Russian Federation,52.94929886,39.82690048
GBR,United Kingdom,52.95360184,-1.150470018
KAZ,Kazakhstan,52.95943832,63.12055969
RUS,Russian Federation,52.96474075,43.41646957
RUS,Russian Federation,52.96508026,36.07849884
RUS,Russian Federation,52.96667099,55.91667175
RUS,Russian Federation,52.97710037,49.70859909
GBR,United Kingdom,52.98041153,-3.0761199
DEU,Germany,52.98752976,8.816249847
GBR,United Kingdom,53.00143814,-1.920029998
POL,Poland,53.01374817,18.59814072
RUS,Russian Federation,53.01747131,32.39178085
POL,Poland,53.01906967,20.88028908
POL,Poland,53.02795029,17.12652969
RUS,Russian Federation,53.04520035,158.6483002
DEU,Germany,53.05110169,8.63090992
RUS,Russian Federation,53.05332947,90.91388702
DEU,Germany,53.05963135,14.28153992
DEU,Germany,53.06394959,9.083740234
RUS,Russian Federation,53.08583069,103.3324966
RUS,Russian Federation,53.08750153,91.39971924
BLR,Belarus,53.08858109,30.05015945
GBR,United Kingdom,53.10905075,-0.401389986
RUS,Russian Federation,53.12292099,34.98516846
POL,Poland,53.12350082,18.00761986
RUS,Russian Federation,53.125,48.85306168
RUS,Russian Federation,53.1257019,47.20410156
RUS,Russian Federation,53.12860107,35.39659882
POL,Poland,53.1333313,23.14999962
RUS,Russian Federation,53.14056015,140.7299957
POL,Poland,53.15145111,16.73781967
POL,Poland,53.15206909,19.55463028
GBR,United Kingdom,53.1521492,-0.214530006
RUS,Russian Federation,53.15610886,103.0674973
RUS,Russian Federation,53.15850067,48.4681015
RUS,Russian Federation,53.16785812,47.52643967
RUS,Russian Federation,53.18222046,34.55110931
RUS,Russian Federation,53.18730164,158.3804932
RUS,Russian Federation,53.18970108,48.42259979
GBR,United Kingdom,53.19049835,-2.891890049
KAZ,Kazakhstan,53.19805908,66.7694397
RUS,Russian Federation,53.20000076,50.15000153
RUS,Russian Federation,53.20066071,45.00463867
NLD,Netherlands,53.20138931,5.808589935
IRL,Ireland,53.20278168,-6.098330021
RUS,Russian Federation,53.20837021,44.80133057
DEU,Germany,53.20901871,11.42329979
RUS,Russian Federation,53.21099854,87.2983017
IRL,Ireland,53.21583176,-6.666940212
NLD,Netherlands,53.21916962,6.566669941
RUS,Russian Federation,53.23162079,45.2473793
DEU,Germany,53.23332977,8.600000381
RUS,Russian Federation,53.23332977,50.65000153
GBR,United Kingdom,53.23908997,-0.800930023
RUS,Russian Federation,53.23912811,50.39072037
RUS,Russian Federation,53.25154877,39.15552902
RUS,Russian Federation,53.25209045,34.37166977
GBR,United Kingdom,53.26539993,-3.165509939
IRL,Ireland,53.27193832,-9.048890114
KAZ,Kazakhstan,53.27750015,69.38832855
CAN,Canada,53.28337097,-117.8856888
IRL,Ireland,53.28590012,-6.373439789
KAZ,Kazakhstan,53.29333115,68.10417175
RUS,Russian Federation,53.30971909,83.62389374
CAN,Canada,53.31684876,-60.33153153
GBR,United Kingdom,53.3221283,-0.943149984
GBR,United Kingdom,53.34173966,-2.731240034
IRL,Ireland,53.34399033,-6.26718998
RUS,Russian Federation,53.36056137,83.76361084
RUS,Russian Federation,53.36830902,34.10327911
GBR,United Kingdom,53.37302017,-3.184170008
RUS,Russian Federation,53.3759613,51.34519959
GBR,United Kingdom,53.3829689,-1.465899944
RUS,Russian Federation,53.38365173,55.9077301
RUS,Russian Federation,53.38721848,103.8769379
RUS,Russian Federation,53.39971924,49.49528122
DEU,Germany,53.40000153,9.966670036
GBR,United Kingdom,53.41057968,-2.977940083
RUS,Russian Federation,53.41860962,59.04721832
CAN,Canada,53.4224205,-113.3691864
POL,Poland,53.42893982,14.55301952
RUS,Russian Federation,53.43650055,44.61322022
RUS,Russian Federation,53.43754959,55.25780106
RUS,Russian Federation,53.44609833,83.90480042
DEU,Germany,53.45000076,7.833330154
RUS,Russian Federation,53.45000076,125.8000031
RUS,Russian Federation,53.45446014,56.04148865
RUS,Russian Federation,53.459301,85.44789887
GBR,United Kingdom,53.4809494,-2.237430096
RUS,Russian Federation,53.49729919,42.61632156
RUS,Russian Federation,53.50719833,83.83789825
RUS,Russian Federation,53.51509857,49.13550186
DEU,Germany,53.51702881,10.24880028
GBR,United Kingdom,53.52326965,-1.136909962
DEU,Germany,53.52997971,8.112529755
RUS,Russian Federation,53.53030014,49.34609985
RUS,Russian Federation,53.53041077,43.67663956
DEU,Germany,53.53332901,7.949999809
CAN,Canada,53.53343964,-113.9187393
CAN,Canada,53.53345871,-60.13151169
RUS,Russian Federation,53.53395081,33.72798157
CAN,Canada,53.53478622,-113.6155548
CAN,Canada,53.55014038,-113.4687119
DEU,Germany,53.55020905,8.576740265
DEU,Germany,53.56414032,13.27532005
CAN,Canada,53.56583405,-113.6891708
POL,Poland,53.56692123,21.21545982
DEU,Germany,53.5753212,10.01533985
GBR,United Kingdom,53.58332825,-2.433330059
DEU,Germany,53.59552002,7.206389904
GBR,United Kingdom,53.61766052,-2.155200005
RUS,Russian Federation,53.62022018,37.59025955
RUS,Russian Federation,53.62461853,55.95014954
GBR,United Kingdom,53.647789,-3.006479979
GBR,United Kingdom,53.65000153,-1.816669941
RUS,Russian Federation,53.65237045,52.12738037
POL,Poland,53.66722107,17.3588295
RUS,Russian Federation,53.67250061,32.75416946
POL,Poland,53.67436981,15.11629963
DEU,Germany,53.68590164,9.980409622
BLR,Belarus,53.68840027,23.82579994
RUS,Russian Federation,53.69417191,88.06027985
RUS,Russian Federation,53.70019913,102.7117004
RUS,Russian Federation,53.70943832,37.29193878
RUS,Russian Federation,53.71028137,91.6875
RUS,Russian Federation,53.71556091,91.4291687
GBR,United Kingdom,53.721241,-0.505200028
GBR,United Kingdom,53.73332977,-2.666670084
RUS,Russian Federation,53.74596024,34.73950958
GBR,United Kingdom,53.75,-3.016669989
RUS,Russian Federation,53.75,127.2666702
RUS,Russian Federation,53.75569916,87.10990143
RUS,Russian Federation,53.77165985,38.12408066
RUS,Russian Federation,53.77944183,73.88056183
RUS,Russian Federation,53.78839874,81.34230042
GBR,United Kingdom,53.79199982,-1.753999949
RUS,Russian Federation,53.8236084,91.28417206
POL,Poland,53.82426071,14.97846985
BLR,Belarus,53.84460068,27.49690056
BLR,Belarus,53.84590149,27.58160019
GBR,United Kingdom,53.84860992,-1.838569999
RUS,Russian Federation,53.85250092,91.3741684
GBR,United Kingdom,53.85250855,-3.036309958
BLR,Belarus,53.85609818,27.60239983
DEU,Germany,53.86185837,8.626689911
DEU,Germany,53.86893082,10.68729019
BLR,Belarus,53.8730011,27.6760006
RUS,Russian Federation,53.87694168,59.21055985
GBR,United Kingdom,53.88489151,-1.616410017
DEU,Germany,53.8904419,12.58073998
RUS,Russian Federation,53.89749908,92.67250061
BLR,Belarus,53.90000153,27.56666946
RUS,Russian Federation,53.90063095,51.21170044
BLR,Belarus,53.90190125,27.44619942
DEU,Germany,53.90301132,13.0225296
RUS,Russian Federation,53.90589905,86.71900177
BLR,Belarus,53.91070175,27.4423008
BLR,Belarus,53.91410065,30.33764076
RUS,Russian Federation,53.91638947,40.01332855
RUS,Russian Federation,53.91944122,58.36722183
BLR,Belarus,53.91989899,27.64669991
RUS,Russian Federation,53.92020035,102.0441971
POL,Poland,53.92076874,19.03071976
BLR,Belarus,53.9231987,27.46800041
RUS,Russian Federation,53.93360901,37.9279213
RUS,Russian Federation,53.95016861,38.09801102
BLR,Belarus,53.9530983,27.61599922
DEU,Germany,53.95507813,13.55661011
RUS,Russian Federation,53.96305847,58.39805985
RUS,Russian Federation,53.97164154,38.53186035
RUS,Russian Federation,53.9849205,38.03593063
RUS,Russian Federation,53.98548126,37.664711
RUS,Russian Federation,53.99000168,86.66210175
GBR,United Kingdom,53.99077988,-1.537299991
IRL,Ireland,54,-6.416669846
RUS,Russian Federation,54.00917053,37.51194
RUS,Russian Federation,54.01028061,103.0544434
RUS,Russian Federation,54.01050186,38.2845993
LTU,Lithuania,54.01667023,23.96666908
RUS,Russian Federation,54.02407837,55.88248062
RUS,Russian Federation,54.02576065,41.71191025
DEU,Germany,54.0317688,11.67391014
POL,Poland,54.03591156,19.02659988
RUS,Russian Federation,54.05899048,35.96228027
RUS,Russian Federation,54.06386948,44.95090103
RUS,Russian Federation,54.06853104,45.08633041
DEU,Germany,54.07757187,12.37557983
DEU,Germany,54.08869934,12.14048958
BLR,Belarus,54.09658051,28.33410072
RUS,Russian Federation,54.09790039,61.57730103
POL,Poland,54.10802078,23.34697914
RUS,Russian Federation,54.10879898,102.1648026
RUS,Russian Federation,54.11349869,47.62310028
IRL,Ireland,54.1166687,-9.166669846
RUS,Russian Federation,54.1166687,54.1166687
RUS,Russian Federation,54.13761139,38.16043091
DEU,Germany,54.14595032,11.90316963
IMN,Isle of Man,54.15000153,-4.483329773
CAN,Canada,54.1501503,-115.6854782
RUS,Russian Federation,54.15076828,33.2815094
CAN,Canada,54.1545372,-113.8608933
LTU,Lithuania,54.16667175,25
CAN,Canada,54.18033981,-110.7326889
RUS,Russian Federation,54.18379974,45.17490006
RUS,Russian Federation,54.18714142,32.15816879
DEU,Germany,54.20272064,12.30167961
RUS,Russian Federation,54.20444107,37.61111069
RUS,Russian Federation,54.21385956,49.6183815
RUS,Russian Federation,54.21670151,57.55559921
RUS,Russian Federation,54.22980118,39.02690125
RUS,Russian Federation,54.23120117,85.79720306
CAN,Canada,54.25017929,-111.1684875
GBR,United Kingdom,54.26541138,-2.694020033
RUS,Russian Federation,54.27806091,37.45582962
RUS,Russian Federation,54.29959869,59.45209885
DEU,Germany,54.30662918,9.663129807
DEU,Germany,54.30910873,13.08180046
RUS,Russian Federation,54.31206131,34.52096176
BLR,Belarus,54.32051849,26.86436081
DEU,Germany,54.32133102,10.1348896
RUS,Russian Federation,54.33332825,48.40000153
GBR,United Kingdom,54.34614945,-7.641329765
POL,Poland,54.35205078,18.64636993
RUS,Russian Federation,54.35533142,38.2684288
GBR,United Kingdom,54.35591126,-3.408639908
RUS,Russian Federation,54.36600113,39.27920151
RUS,Russian Federation,54.36606979,48.72938919
GBR,United Kingdom,54.37541962,-1.633280039
RUS,Russian Federation,54.3930397,53.26023102
CAN,Canada,54.3997612,-126.6700821
GBR,United Kingdom,54.40000153,-7.583330154
GBR,United Kingdom,54.40000153,-5.883329868
LTU,Lithuania,54.40000153,24.04999924
RUS,Russian Federation,54.40399933,40.37620163
RUS,Russian Federation,54.41650009,86.29759979
RUS,Russian Federation,54.42752838,45.32962036
RUS,Russian Federation,54.44179916,61.25360107
POL,Poland,54.45143127,17.9345398
POL,Poland,54.46405029,17.02872086
GBR,United Kingdom,54.47940826,-3.527559996
RUS,Russian Federation,54.4814682,53.47103119
RUS,Russian Federation,54.50999832,37.08000183
RUS,Russian Federation,54.52930069,36.27542114
RUS,Russian Federation,54.53689957,56.15169907
RUS,Russian Federation,54.53779984,52.79850006
GBR,United Kingdom,54.54999924,-6.733329773
RUS,Russian Federation,54.55590057,100.5904999
LTU,Lithuania,54.56666946,23.35000038
GBR,United Kingdom,54.5762291,-1.234830022
POL,Poland,54.58047867,16.86194038
GBR,United Kingdom,54.58332825,-5.933330059
RUS,Russian Federation,54.6012001,86.24590302
RUS,Russian Federation,54.60250092,61.23099899
RUS,Russian Federation,54.60665894,53.70970154
RUS,Russian Federation,54.60680008,85.38990021
RUS,Russian Federation,54.60848999,48.39276123
RUS,Russian Federation,54.62689972,39.6916008
GBR,United Kingdom,54.6333313,-3.549999952
RUS,Russian Federation,54.63344955,21.81557083
RUS,Russian Federation,54.63660049,83.30449677
GBR,United Kingdom,54.64305115,-6.745950222
GBR,United Kingdom,54.65338135,-5.668950081
RUS,Russian Federation,54.65670013,86.17369843
RUS,Russian Federation,54.66667175,55.71667099
RUS,Russian Federation,54.67501068,20.13472939
LTU,Lithuania,54.68915939,25.27980042
RUS,Russian Federation,54.69606018,20.23612976
RUS,Russian Federation,54.69630051,45.24240112
GBR,United Kingdom,54.70000076,-3.266669989
RUS,Russian Federation,54.70648956,20.51095009
RUS,Russian Federation,54.71800995,39.829319
RUS,Russian Federation,54.72658157,47.56766129
RUS,Russian Federation,54.7305603,37.40888977
RUS,Russian Federation,54.76050186,38.87841034
RUS,Russian Federation,54.7677803,42.27111054
DNK,Denmark,54.76905823,11.87425041
DNK,Denmark,54.77661896,11.50016975
RUS,Russian Federation,54.78179932,32.0401001
RUS,Russian Federation,54.78517151,56.04561997
RUS,Russian Federation,54.78969955,39.83335877
RUS,Russian Federation,54.79999924,55.90000153
RUS,Russian Federation,54.81499863,58.4591713
RUS,Russian Federation,54.83243942,56.41263962
RUS,Russian Federation,54.84444046,38.16693878
RUS,Russian Federation,54.85998154,38.55062103
RUS,Russian Federation,54.86639023,37.21778107
RUS,Russian Federation,54.86964035,31.38608933
GBR,United Kingdom,54.87527084,-1.408239961
RUS,Russian Federation,54.88499832,37.12611008
LTU,Lithuania,54.90000153,23.89999962
RUS,Russian Federation,54.90082932,38.0708313
RUS,Russian Federation,54.90441895,52.31539917
RUS,Russian Federation,54.9076004,99.02760315
RUS,Russian Federation,54.91027832,64.43193817
RUS,Russian Federation,54.91500092,33.29721832
RUS,Russian Federation,54.91569901,56.98270035
RUS,Russian Federation,54.91590118,85.6384964
RUS,Russian Federation,54.92139053,37.41083145
RUS,Russian Federation,54.93582916,43.32352066
RUS,Russian Federation,54.93986893,20.15479088
RUS,Russian Federation,54.94169998,58.80830002
RUS,Russian Federation,54.94477844,39.33940888
RUS,Russian Federation,54.95000076,48.28332901
RUS,Russian Federation,54.95000076,49.06666946
RUS,Russian Federation,54.95082855,20.22747994
RUS,Russian Federation,54.95893097,20.47668076
GBR,United Kingdom,54.96208954,-1.60168004
GBR,United Kingdom,54.96667099,-7.266670227
GBR,United Kingdom,54.97328186,-1.613960028
RUS,Russian Federation,54.97489929,60.36330032
RUS,Russian Federation,54.97660828,39.04439926
RUS,Russian Federation,54.9813118,33.34572983
GBR,United Kingdom,54.98332977,-7.349999905
RUS,Russian Federation,55,73.40000153
RUS,Russian Federation,55.00263977,74.10281372
RUS,Russian Federation,55.01456833,36.47185135
RUS,Russian Federation,55.02389908,52.7358017
RUS,Russian Federation,55.03178024,36.74401856
RUS,Russian Federation,55.03499985,55.97806168
RUS,Russian Federation,55.04150009,82.93460083
RUS,Russian Federation,55.04249954,59.04000092
RUS,Russian Federation,55.04499817,60.10832977
RUS,Russian Federation,55.05286026,74.57511139
GBR,United Kingdom,55.06959152,-3.611390114
RUS,Russian Federation,55.07944107,38.77833176
CAN,Canada,55.08671951,-59.16841888
RUS,Russian Federation,55.09680939,36.61006165
RUS,Russian Federation,55.10499954,55.35083008
RUS,Russian Federation,55.11194992,38.17383957
RUS,Russian Federation,55.13396072,37.9442482
RUS,Russian Federation,55.15000153,33.21667099
RUS,Russian Federation,55.15000153,60.11832809
RUS,Russian Federation,55.15420914,72.69246674
RUS,Russian Federation,55.15444183,61.42972183
CAN,Canada,55.16667175,-118.8027115
RUS,Russian Federation,55.16667175,124.7166672
CAN,Canada,55.16969299,-118.7994919
RUS,Russian Federation,55.17110825,59.65082932
CAN,Canada,55.18518829,-118.7876434
BLR,Belarus,55.19047928,30.20330048
RUS,Russian Federation,55.21038818,34.29507828
RUS,Russian Federation,55.22444153,45.89056015
LTU,Lithuania,55.23332977,25.41666985
RUS,Russian Federation,55.24555969,42.20888901
LTU,Lithuania,55.25,24.75
RUS,Russian Federation,55.26889038,66.49472046
RUS,Russian Federation,55.27690125,85.61630249
RUS,Russian Federation,55.29999924,38.53332901
RUS,Russian Federation,55.30332947,53.19472122
RUS,Russian Federation,55.31204987,76.76467896
RUS,Russian Federation,55.3125,38.66360855
RUS,Russian Federation,55.31750107,42.17443848
RUS,Russian Federation,55.31949997,52.06941986
RUS,Russian Federation,55.32363892,36.75001907
RUS,Russian Federation,55.32444,42.02666855
RUS,Russian Federation,55.33332825,73.1166687
RUS,Russian Federation,55.33332825,86.08332825
RUS,Russian Federation,55.334301,41.62950134
RUS,Russian Federation,55.34101105,38.72365952
RUS,Russian Federation,55.34444046,61.34444046
LTU,Lithuania,55.3488884,21.48306084
DNK,Denmark,55.35654831,10.5844698
LTU,Lithuania,55.35916901,21.70222092
RUS,Russian Federation,55.36027908,54.61528015
RUS,Russian Federation,55.36310959,50.6424408
RUS,Russian Federation,55.36352158,37.52983856
RUS,Russian Federation,55.38420105,71.88912964
RUS,Russian Federation,55.38751984,36.73307037
RUS,Russian Federation,55.39485169,43.83992004
DNK,Denmark,55.39593887,10.38831043
RUS,Russian Federation,55.4046402,49.55036926
RUS,Russian Federation,55.4209404,56.55426025
RUS,Russian Federation,55.42111969,38.26187897
RUS,Russian Federation,55.42417908,37.55472183
RUS,Russian Federation,55.43252182,40.48538971
RUS,Russian Federation,55.45000076,65.33332825
RUS,Russian Federation,55.45978165,38.44358063
GBR,United Kingdom,55.46273041,-4.633930206
CAN,Canada,55.46664047,-119.4360809
RUS,Russian Federation,55.49105835,54.86883164
LTU,Lithuania,55.5,25.60000038
RUS,Russian Federation,55.50049973,46.41287994
RUS,Russian Federation,55.50056076,94.38999939
RUS,Russian Federation,55.50860977,47.49555969
RUS,Russian Federation,55.51514053,36.97745895
RUS,Russian Federation,55.52835083,70.33853912
RUS,Russian Federation,55.52917099,42.20027924
RUS,Russian Federation,55.53009033,44.21136856
RUS,Russian Federation,55.54027939,89.20082855
DNK,Denmark,55.54872131,12.02390957
RUS,Russian Federation,55.55056,36.37443924
RUS,Russian Federation,55.55194092,37.08010101
RUS,Russian Federation,55.55290985,34.99536896
RUS,Russian Federation,55.56515884,39.12324143
RUS,Russian Federation,55.5667305,44.89738083
RUS,Russian Federation,55.56715012,75.70500183
RUS,Russian Federation,55.57252884,39.53681946
RUS,Russian Federation,55.57957077,36.70391846
RUS,Russian Federation,55.59209061,37.74084854
RUS,Russian Federation,55.59527969,38.12028122
RUS,Russian Federation,55.60110855,36.46805954
SWE,Sweden,55.60586929,13.00072956
RUS,Russian Federation,55.61008072,38.39398956
GBR,United Kingdom,55.6166687,-4.599999905
RUS,Russian Federation,55.61970139,37.46401978
RUS,Russian Federation,55.63000107,60.79190064
RUS,Russian Federation,55.63656998,51.82447052
GBR,United Kingdom,55.63970184,-4.753389835
RUS,Russian Federation,55.64477158,69.23500061
RUS,Russian Federation,55.65000153,109.3166733
RUS,Russian Federation,55.65203857,38.06684876
RUS,Russian Federation,55.65620041,37.9471283
DNK,Denmark,55.66667175,12.39999962
RUS,Russian Federation,55.67166901,84.39806366
DNK,Denmark,55.67594147,12.56552982
RUS,Russian Federation,55.70267105,37.38322067
RUS,Russian Federation,55.70830154,38.95420075
RUS,Russian Federation,55.7140007,60.55279923
RUS,Russian Federation,55.71524048,51.40797043
LTU,Lithuania,55.71722031,21.11750031
RUS,Russian Federation,55.72306061,84.8861084
RUS,Russian Federation,55.72544861,52.41122055
LTU,Lithuania,55.73332977,24.35000038
LTU,Lithuania,55.73332977,26.25
RUS,Russian Federation,55.73402023,36.85918045
RUS,Russian Federation,55.73432922,37.04364014
GBR,United Kingdom,55.73595047,-3.830189943
RUS,Russian Federation,55.74399948,38.01684189
RUS,Russian Federation,55.75222015,37.61555862
RUS,Russian Federation,55.75556183,60.70278168
CAN,Canada,55.75974655,-120.2336426
RUS,Russian Federation,55.76126862,52.06492996
RUS,Russian Federation,55.76515961,43.89844894
GBR,United Kingdom,55.76667023,-4.033329964
LTU,Lithuania,55.76667023,23.76667023
DNK,Denmark,55.77043915,12.50378037
RUS,Russian Federation,55.77328873,48.66051102
RUS,Russian Federation,55.78070831,38.65447998
RUS,Russian Federation,55.78873825,49.12213898
RUS,Russian Federation,55.78958893,38.44670868
RUS,Russian Federation,55.7968483,38.88404083
RUS,Russian Federation,55.80672073,38.96178055
RUS,Russian Federation,55.80944824,37.95806122
RUS,Russian Federation,55.81000137,94.3152771
RUS,Russian Federation,55.81666946,37.8666687
RUS,Russian Federation,55.84244156,38.19361877
RUS,Russian Federation,55.84283829,48.24919891
RUS,Russian Federation,55.84376144,48.51784134
RUS,Russian Federation,55.85443878,37.04935074
GBR,United Kingdom,55.86515045,-4.257629871
RUS,Russian Federation,55.86637878,48.3594017
RUS,Russian Federation,55.86861038,37.12221909
RUS,Russian Federation,55.86959076,38.20064926
RUS,Russian Federation,55.87034988,48.63187027
RUS,Russian Federation,55.87321091,72.19673157
LTU,Lithuania,55.8758316,21.2508297
LVA,Latvia,55.8833313,26.53333092
GBR,United Kingdom,55.88623047,-2.157439947
RUS,Russian Federation,55.89089966,60.76160049
RUS,Russian Federation,55.89125061,50.23992157
RUS,Russian Federation,55.89302826,38.05860138
RUS,Russian Federation,55.89429092,36.69490814
RUS,Russian Federation,55.90410996,37.56063843
RUS,Russian Federation,55.90777969,94.7463913
RUS,Russian Federation,55.91083145,38.15361023
LTU,Lithuania,55.9113884,21.84416962
RUS,Russian Federation,55.91162872,37.73075867
RUS,Russian Federation,55.91527939,59.98416901
LTU,Lithuania,55.91749954,21.06860924
RUS,Russian Federation,55.91796875,39.1724205
RUS,Russian Federation,55.91997147,36.86867142
GBR,United Kingdom,55.92436981,-4.415450096
LTU,Lithuania,55.93333054,23.31666946
RUS,Russian Federation,55.93420029,98.00440216
GBR,United Kingdom,55.9520607,-3.196480036
RUS,Russian Federation,55.96055985,38.04555893
RUS,Russian Federation,55.96340179,97.82350159
RUS,Russian Federation,55.96860123,43.09120178
RUS,Russian Federation,55.9711113,37.92082977
RUS,Russian Federation,55.97277832,36.53416824
RUS,Russian Federation,55.97539139,48.01303864
RUS,Russian Federation,55.98249817,37.18138886
RUS,Russian Federation,55.99277878,36.47193909
RUS,Russian Federation,56.00971985,37.48194122
RUS,Russian Federation,56.00971985,92.79167175
RUS,Russian Federation,56.01721954,37.8666687
RUS,Russian Federation,56.0336113,35.96944046
SWE,Sweden,56.04673004,12.69437027
RUS,Russian Federation,56.05305862,59.60277939
RUS,Russian Federation,56.06000137,85.61972046
RUS,Russian Federation,56.06666946,37.04999924
RUS,Russian Federation,56.08100128,86.02850342
RUS,Russian Federation,56.08150101,99.63420105
RUS,Russian Federation,56.08369827,86.25170136
RUS,Russian Federation,56.08499908,60.73139191
RUS,Russian Federation,56.08520126,63.63349915
RUS,Russian Federation,56.09151077,49.87783051
RUS,Russian Federation,56.09199143,54.27032089
RUS,Russian Federation,56.09999847,38.1333313
RUS,Russian Federation,56.10332871,43.51583099
RUS,Russian Federation,56.10480118,44.49520111
RUS,Russian Federation,56.11095047,47.47755051
RUS,Russian Federation,56.11280823,69.49015045
RUS,Russian Federation,56.11471939,94.58611298
GBR,United Kingdom,56.11903,-3.93682003
RUS,Russian Federation,56.11920166,60.2680397
RUS,Russian Federation,56.12009811,101.1635971
RUS,Russian Federation,56.13222122,47.25194168
RUS,Russian Federation,56.1324997,93.35888672
RUS,Russian Federation,56.1324997,101.6141663
RUS,Russian Federation,56.1333313,35.83317184
RUS,Russian Federation,56.1333313,38.45000076
SWE,Sweden,56.1355896,13.13086033
RUS,Russian Federation,56.1365509,40.39657974
DNK,Denmark,56.13882828,9.157679558
RUS,Russian Federation,56.14733124,44.19786835
RUS,Russian Federation,56.15272903,38.8550911
RUS,Russian Federation,56.16973877,36.12545013
RUS,Russian Federation,56.18333054,37.90000153
RUS,Russian Federation,56.1855011,50.89440155
RUS,Russian Federation,56.2016716,95.71749878
RUS,Russian Federation,56.20777893,89.53417206
RUS,Russian Federation,56.22610855,43.18611145
RUS,Russian Federation,56.22666931,35.64139175
RUS,Russian Federation,56.23542023,54.38684845
RUS,Russian Federation,56.2388916,43.46305847
CAN,Canada,56.24988174,-120.8529205
RUS,Russian Federation,56.25,42.16667175
RUS,Russian Federation,56.25111008,93.53193665
RUS,Russian Federation,56.25305939,43.74750137
RUS,Russian Federation,56.25495911,51.28419113
RUS,Russian Federation,56.25698853,37.99544144
RUS,Russian Federation,56.26240921,34.32817078
RUS,Russian Federation,56.26940155,90.4992981
RUS,Russian Federation,56.2694397,54.20616913
RUS,Russian Federation,56.27190018,54.93085861
RUS,Russian Federation,56.2748909,51.50799942
RUS,Russian Federation,56.28139114,43.03388977
RUS,Russian Federation,56.28332901,38.06666946
RUS,Russian Federation,56.2849083,39.40665054
RUS,Russian Federation,56.28900147,62.58409882
RUS,Russian Federation,56.29526901,43.35274124
RUS,Russian Federation,56.29999924,38.1333313
RUS,Russian Federation,56.31092835,66.26925659
RUS,Russian Federation,56.31666946,36.54999924
RUS,Russian Federation,56.3286705,44.00204849
RUS,Russian Federation,56.33332825,36.73332977
GBR,United Kingdom,56.33871079,-2.799020052
RUS,Russian Federation,56.34000015,30.54516983
RUS,Russian Federation,56.34444046,114.8794403
RUS,Russian Federation,56.34999847,37.51667023
LVA,Latvia,56.35430908,26.17579079
RUS,Russian Federation,56.3572197,41.31917191
RUS,Russian Federation,56.3833313,38.56666946
RUS,Russian Federation,56.39516068,38.7121582
RUS,Russian Federation,56.39789963,68.37278748
RUS,Russian Federation,56.40000153,38.71667099
RUS,Russian Federation,56.41849899,61.93289948
RUS,Russian Federation,56.42274094,40.44667816
RUS,Russian Federation,56.43109894,55.5886116
RUS,Russian Federation,56.44221878,60.18777847
RUS,Russian Federation,56.4446907,52.22763062
RUS,Russian Federation,56.47040176,61.60919952
RUS,Russian Federation,56.47444153,43.54138947
RUS,Russian Federation,56.4763298,53.79782105
RUS,Russian Federation,56.49779129,31.63528061
GBR,United Kingdom,56.5,-2.966670036
RUS,Russian Federation,56.5,84.96666718
RUS,Russian Federation,56.50419998,66.55152893
RUS,Russian Federation,56.50722122,56.07661057
LVA,Latvia,56.51667023,21.01667023
RUS,Russian Federation,56.54999924,37.8833313
RUS,Russian Federation,56.5501709,57.13658142
RUS,Russian Federation,56.55929947,40.12099838
RUS,Russian Federation,56.5768013,104.1216965
GBR,United Kingdom,56.58996964,-2.521509886
RUS,Russian Federation,56.60055924,84.88639069
RUS,Russian Federation,56.60078049,39.02172852
RUS,Russian Federation,56.60585022,57.76686096
LVA,Latvia,56.60639191,24.52222061
RUS,Russian Federation,56.61571121,44.09543991
RUS,Russian Federation,56.63877106,47.8907814
RUS,Russian Federation,56.64051056,43.39445877
GBR,United Kingdom,56.64313126,-2.890259981
RUS,Russian Federation,56.65139008,43.47499847
RUS,Russian Federation,56.65357971,66.30058289
RUS,Russian Federation,56.67089844,124.6491013
RUS,Russian Federation,56.6731987,60.98070145
SWE,Sweden,56.67446137,12.85676003
RUS,Russian Federation,56.70000076,36.76667023
RUS,Russian Federation,56.70399857,60.08789825
RUS,Russian Federation,56.73332977,37.16667175
RUS,Russian Federation,56.73934174,38.85625839
RUS,Russian Federation,56.76863861,54.11484146
RUS,Russian Federation,56.78028107,62.04943848
RUS,Russian Federation,56.78749085,44.49296951
RUS,Russian Federation,56.79380035,105.7671967
RUS,Russian Federation,56.79999924,124.8000031
RUS,Russian Federation,56.8025589,41.85507965
RUS,Russian Federation,56.84189987,62.50139999
RUS,Russian Federation,56.84278107,62.71110916
RUS,Russian Federation,56.84999847,53.23332977
RUS,Russian Federation,56.85749817,60.61249924
RUS,Russian Federation,56.85795975,40.53691864
RUS,Russian Federation,56.86193848,35.89305878
RUS,Russian Federation,56.86256027,65.01553345
RUS,Russian Federation,56.8666687,37.34999847
RUS,Russian Federation,56.88174057,56.58134842
RUS,Russian Federation,56.89374924,65.89378357
RUS,Russian Federation,56.90528107,59.94361115
SWE,Sweden,56.90552139,12.49118042
RUS,Russian Federation,56.90940094,62.02959824
RUS,Russian Federation,56.92501068,65.53939819
RUS,Russian Federation,56.92768097,55.59344864
LVA,Latvia,56.9411087,24.28972054
LVA,Latvia,56.94599915,24.10589027
RUS,Russian Federation,56.95780182,97.70760346
LVA,Latvia,56.96799851,23.77038002
RUS,Russian Federation,56.99718857,40.97138977
RUS,Russian Federation,57.00992966,61.45775986
RUS,Russian Federation,57.01039124,39.26927948
LVA,Latvia,57.04576874,22.57261086
RUS,Russian Federation,57.04864883,53.98717117
RUS,Russian Federation,57.05381012,54.92070007
RUS,Russian Federation,57.06694031,93.43778229
RUS,Russian Federation,57.10678864,65.7575531
RUS,Russian Federation,57.13100052,45.15991974
RUS,Russian Federation,57.14310074,57.39490128
RUS,Russian Federation,57.1466713,33.10752869
RUS,Russian Federation,57.15222168,65.52722168
LVA,Latvia,57.17766953,26.75291061
RUS,Russian Federation,57.19139862,39.41394043
RUS,Russian Federation,57.21694183,94.89778137
RUS,Russian Federation,57.24388886,60.08388901
RUS,Russian Federation,57.25363159,41.10848999
LVA,Latvia,57.26224136,24.41470909
RUS,Russian Federation,57.27013016,60.13761902
RUS,Russian Federation,57.28876114,54.97277832
RUS,Russian Federation,57.30184937,39.85330963
RUS,Russian Federation,57.30461121,39.53688049
LVA,Latvia,57.3118782,25.27456093
SWE,Sweden,57.34999847,12.46667004
RUS,Russian Federation,57.35549927,61.86864853
RUS,Russian Federation,57.37257004,46.46294022
RUS,Russian Federation,57.43357849,56.95164871
RUS,Russian Federation,57.43914032,42.12894058
RUS,Russian Federation,57.43930817,41.15552902
RUS,Russian Federation,57.45515823,45.7852211
RUS,Russian Federation,57.4588089,40.57471085
RUS,Russian Federation,57.46931076,42.28430939
DNK,Denmark,57.47116852,10.20312023
RUS,Russian Federation,57.49530029,60.21120071
LVA,Latvia,57.51287079,24.71940994
RUS,Russian Federation,57.51483154,41.23899841
LVA,Latvia,57.53927994,26.69290924
LVA,Latvia,57.54108048,25.42750931
RUS,Russian Federation,57.54589081,40.12543106
RUS,Russian Federation,57.56129837,62.75680924
RUS,Russian Federation,57.58475113,48.95843887
RUS,Russian Federation,57.61980057,63.07839966
RUS,Russian Federation,57.62987137,39.87368012
GBR,United Kingdom,57.65000153,-3.333329916
RUS,Russian Federation,57.67052078,63.07099915
SWE,Sweden,57.70716095,11.9667902
RUS,Russian Federation,57.73598099,47.01264954
RUS,Russian Federation,57.76647186,40.92686081
RUS,Russian Federation,57.78506088,36.69651032
RUS,Russian Federation,57.81359863,28.34959984
RUS,Russian Federation,57.85158157,61.69626999
RUS,Russian Federation,57.87944031,34.99250031
CAN,Canada,57.87997818,-101.6718063
RUS,Russian Federation,57.88528824,39.54059982
RUS,Russian Federation,57.91222,102.7652817
RUS,Russian Federation,57.91944122,59.96500015
SWE,Sweden,57.93032837,12.53345013
RUS,Russian Federation,57.9375,69.02166748
RUS,Russian Federation,57.9515686,38.38785172
RUS,Russian Federation,58.00056076,102.6619415
RUS,Russian Federation,58.01741028,56.28551865
RUS,Russian Federation,58.0425415,65.27258301
RUS,Russian Federation,58.04460144,38.84259033
RUS,Russian Federation,58.07894135,54.65570068
RUS,Russian Federation,58.08015823,55.75410843
EST,Estonia,58.09806061,27.4636097
RUS,Russian Federation,58.10860825,57.80527878
RUS,Russian Federation,58.12789917,55.53781128
NOR,Norway,58.14670944,7.995600224
RUS,Russian Federation,58.16667175,68.30000305
RUS,Russian Federation,58.19079971,40.17171097
RUS,Russian Federation,58.19398117,49.52136993
RUS,Russian Federation,58.20000076,68.26667023
SWE,Sweden,58.20151901,15.99769974
RUS,Russian Federation,58.2358284,92.48278046
EST,Estonia,58.24805832,22.50388908
NOR,Norway,58.24879074,8.377799988
RUS,Russian Federation,58.24898148,52.10258102
RUS,Russian Federation,58.2666893,54.93677902
RUS,Russian Federation,58.29056168,59.75917053
RUS,Russian Federation,58.30130005,57.81309891
USA,United States,58.30194092,-134.4197235
RUS,Russian Federation,58.30889893,48.34799957
RUS,Russian Federation,58.31306076,82.90888977
RUS,Russian Federation,58.36909103,45.51557922
EST,Estonia,58.38061905,26.72509003
RUS,Russian Federation,58.38777924,33.91545868
RUS,Russian Federation,58.39015961,45.46541977
EST,Estonia,58.4086113,24.37388992
SWE,Sweden,58.41667175,15.61666966
NOR,Norway,58.45132828,5.999700069
RUS,Russian Federation,58.4619484,56.41645813
SWE,Sweden,58.48332977,15.06667042
RUS,Russian Federation,58.51667023,31.28333092
RUS,Russian Federation,58.51758957,49.4471817
EST,Estonia,58.53610992,25.47056007
RUS,Russian Federation,58.55385971,50.03985977
RUS,Russian Federation,58.56029892,57.85100174
GBR,United Kingdom,58.59270859,-3.525939941
RUS,Russian Federation,58.59664917,49.66006851
RUS,Russian Federation,58.62929916,59.8117981
RUS,Russian Federation,58.67000961,52.19319916
EST,Estonia,58.68138886,23.84527969
RUS,Russian Federation,58.69998932,59.49481964
RUS,Russian Federation,58.7869606,56.14894104
RUS,Russian Federation,58.83528137,125.4869385
RUS,Russian Federation,58.88000107,40.25249863
EST,Estonia,58.94306183,23.54138947
NOR,Norway,58.97005081,5.733320236
NOR,Norway,59.00070953,9.748760223
RUS,Russian Federation,59.05556107,80.85722351
SWE,Sweden,59.06570053,15.11174011
NOR,Norway,59.12477875,11.38753986
EST,Estonia,59.12638855,26.25
NOR,Norway,59.13117981,10.21665001
RUS,Russian Federation,59.1333313,37.90000153
RUS,Russian Federation,59.14332962,68.89527893
SWE,Sweden,59.19554138,17.62524986
RUS,Russian Federation,59.21870041,39.8885994
SWE,Sweden,59.23333359,18.21666718
EST,Estonia,59.26055908,25.95861054
NOR,Norway,59.26753998,10.40762043
NOR,Norway,59.28390884,11.10962009
SWE,Sweden,59.3266716,14.52385998
SWE,Sweden,59.33258057,18.06489945
RUS,Russian Federation,59.33882141,52.24467087
RUS,Russian Federation,59.35443878,30.07832909
EST,Estonia,59.35667038,24.05306053
EST,Estonia,59.35916901,27.42111015
SWE,Sweden,59.36127853,17.97113991
NOR,Norway,59.41378021,5.268000126
RUS,Russian Federation,59.41519165,56.8123703
NOR,Norway,59.41720963,10.48342991
NOR,Norway,59.43402863,10.65771008
EST,Estonia,59.43695831,24.7535305
RUS,Russian Federation,59.44712067,32.02048874
RUS,Russian Federation,59.46166992,40.12055969
SWE,Sweden,59.47943878,18.29966927
RUS,Russian Federation,59.54000092,30.87750053
RUS,Russian Federation,59.54999924,31.01667023
NOR,Norway,59.5593605,9.258529663
RUS,Russian Federation,59.56666946,150.8000031
RUS,Russian Federation,59.57638931,30.12833023
NOR,Norway,59.58325958,11.16285992
RUS,Russian Federation,59.60334015,60.57870102
SWE,Sweden,59.61616898,16.55275917
RUS,Russian Federation,59.61956024,56.77288818
SWE,Sweden,59.63607025,17.07768059
RUS,Russian Federation,59.63943863,30.76472092
NOR,Norway,59.66476822,5.932640076
RUS,Russian Federation,59.68333054,30.43471909
SWE,Sweden,59.71667099,16.41666985
NOR,Norway,59.74388886,10.20448971
RUS,Russian Federation,59.74832153,29.62204933
RUS,Russian Federation,59.77056122,30.05611038
NOR,Norway,59.7797699,5.500510216
NOR,Norway,59.78036118,10.49882984
RUS,Russian Federation,59.80916977,30.38167
RUS,Russian Federation,59.81824875,29.98407936
RUS,Russian Federation,59.83702087,29.92266083
SWE,Sweden,59.85850143,17.64542961
RUS,Russian Federation,59.86299133,38.38127899
NOR,Norway,59.86552811,10.65939999
RUS,Russian Federation,59.86949158,38.26015854
RUS,Russian Federation,59.88100815,30.9950695
RUS,Russian Federation,59.8944397,30.26416969
RUS,Russian Federation,59.90000153,29.11667061
NOR,Norway,59.91273117,10.74608994
NOR,Norway,59.91667175,11.43332958
RUS,Russian Federation,59.92969132,30.64464951
RUS,Russian Federation,59.9355011,30.61533928
RUS,Russian Federation,59.945961,56.28836823
RUS,Russian Federation,59.94729996,31.03845024
FIN,Finland,59.97359085,23.43388939
RUS,Russian Federation,59.97571945,31.03762054
RUS,Russian Federation,60.01686096,30.02008057
RUS,Russian Federation,60.02043152,30.63715935
RUS,Russian Federation,60.04943848,30.44586945
RUS,Russian Federation,60.04999924,69.90000153
NOR,Norway,60.0691185,6.545650005
RUS,Russian Federation,60.08691025,30.27178955
RUS,Russian Federation,60.12472153,64.77583313
RUS,Russian Federation,60.13668823,32.56906128
NOR,Norway,60.14151001,11.17514992
RUS,Russian Federation,60.14440155,30.20165062
SWE,Sweden,60.14958954,15.18776035
FIN,Finland,60.16952133,24.9354496
FIN,Finland,60.24858856,24.06534004
RUS,Russian Federation,60.29409027,29.48800087
FIN,Finland,60.34305954,22.69642067
RUS,Russian Federation,60.35110855,47.0841713
FIN,Finland,60.39233017,25.66506958
NOR,Norway,60.39299011,5.324150085
FIN,Finland,60.45148087,22.26869011
SWE,Sweden,60.67451859,17.1417408
RUS,Russian Federation,60.70763016,28.75283051
FIN,Finland,60.71929169,24.85877991
RUS,Russian Federation,60.72528076,114.9277802
RUS,Russian Federation,60.72600174,33.55305862
RUS,Russian Federation,60.73329926,77.58889771
RUS,Russian Federation,60.74985123,72.85823822
RUS,Russian Federation,60.76185989,46.31351852
NOR,Norway,60.79449844,11.06797981
NOR,Norway,60.79573822,10.69155026
FIN,Finland,60.80162048,23.4800396
FIN,Finland,60.9070015,26.62437058
RUS,Russian Federation,60.93439865,76.55310059
RUS,Russian Federation,60.96224976,46.48321152
RUS,Russian Federation,60.97359848,40.25699997
RUS,Russian Federation,60.97943878,76.9242096
RUS,Russian Federation,61.00416946,69.00193787
RUS,Russian Federation,61.02959824,76.11360169
RUS,Russian Federation,61.09978867,72.60349274
RUS,Russian Federation,61.16667175,73.16667175
RUS,Russian Federation,61.25,73.41667175
RUS,Russian Federation,61.25439072,75.21240234
RUS,Russian Federation,61.31433106,47.16913986
RUS,Russian Federation,61.36138916,63.5841713
NOR,Norway,61.40830994,7.285590172
FIN,Finland,61.49911118,23.78712082
RUS,Russian Federation,61.51980972,30.19916916
RUS,Russian Federation,61.61944962,72.15545654
RUS,Russian Federation,61.6764183,50.80994034
RUS,Russian Federation,61.68635941,53.69020081
FIN,Finland,61.73332977,26.11667061
RUS,Russian Federation,61.7849083,34.34690857
RUS,Russian Federation,61.81280899,50.72834015
SWE,Sweden,61.82883072,16.09126091
FIN,Finland,61.86989975,28.87998962
RUS,Russian Federation,62.03388977,129.7330627
RUS,Russian Federation,62.0961113,77.47499847
RUS,Russian Federation,62.14056015,65.39360809
FIN,Finland,62.24147034,25.72088051
RUS,Russian Federation,62.26536942,74.47905731
NOR,Norway,62.34194183,5.63395977
RUS,Russian Federation,62.35472107,50.07714081
SWE,Sweden,62.39128876,17.30629921
CAN,Canada,62.45600128,-114.3525467
RUS,Russian Federation,62.51472092,65.88777924
NOR,Norway,62.60015106,6.443389893
RUS,Russian Federation,62.70803833,40.29159164
RUS,Russian Federation,62.78332901,148.1666718
FIN,Finland,62.7944603,22.82822037
RUS,Russian Federation,62.86333084,61.64360809
NOR,Norway,63.04721069,9.713370323
RUS,Russian Federation,63.19060135,64.41619873
SWE,Sweden,63.19166565,14.54166699
RUS,Russian Federation,63.19935989,75.45066834
RUS,Russian Federation,63.41064072,48.68722153
NOR,Norway,63.43048859,10.39505959
RUS,Russian Federation,63.44527817,120.3166733
RUS,Russian Federation,63.64450836,54.85597992
RUS,Russian Federation,63.71194077,66.67221832
RUS,Russian Federation,63.74147034,34.3221817
NOR,Norway,63.74644089,11.29963017
RUS,Russian Federation,63.78976822,74.52301025
NOR,Norway,63.7933197,11.48169994
SWE,Sweden,63.82841873,20.25971985
RUS,Russian Federation,63.90607071,38.14035034
RUS,Russian Federation,63.93806076,65.04193878
RUS,Russian Federation,64.00189209,44.4451294
ISL,Iceland,64.00492096,-22.56241989
NOR,Norway,64.01486969,11.49536991
FIN,Finland,64.08332825,25.29999924
ISL,Iceland,64.13548279,-21.89541054
ISL,Iceland,64.15000153,-22
FIN,Finland,64.22727966,27.72846031
RUS,Russian Federation,64.38619995,40.62979889
RUS,Russian Federation,64.5401001,40.54330063
RUS,Russian Federation,64.57099915,30.57666969
SWE,Sweden,64.59536743,18.6735096
USA,United States,64.83778381,-147.7163849
NOR,Norway,64.86208344,11.23733997
RUS,Russian Federation,64.89894104,45.7621994
RUS,Russian Federation,64.92250061,77.78500366
FIN,Finland,65.01235962,25.46816063
SWE,Sweden,65.15000153,20.73332977
FIN,Finland,65.17653656,25.35232925
RUS,Russian Federation,65.53333283,72.51667023
SWE,Sweden,65.58415222,22.15464973
RUS,Russian Federation,65.61181641,72.68417358
SWE,Sweden,65.82518005,21.68864059
RUS,Russian Federation,65.85002136,74.4859314
RUS,Russian Federation,65.96666718,78.3666687
RUS,Russian Federation,65.99388886,57.52806091
RUS,Russian Federation,66,111.5
RUS,Russian Federation,66.03169251,60.16593933
RUS,Russian Federation,66.08332825,76.6333313
RUS,Russian Federation,66.41667175,112.4000015
RUS,Russian Federation,66.52999878,66.60193634
RUS,Russian Federation,66.84500122,32.36222076
RUS,Russian Federation,67.16200256,32.41228867
NOR,Norway,67.27999878,14.40501022
RUS,Russian Federation,67.46666718,78.69999695
RUS,Russian Federation,67.48332977,63.75
RUS,Russian Federation,67.5,64
RUS,Russian Federation,67.56414032,33.40309906
RUS,Russian Federation,67.61475372,33.67274094
RUS,Russian Federation,67.67125702,53.08697128
RUS,Russian Federation,67.93972015,32.87388992
NOR,Norway,68.56462097,14.91075039
NOR,Norway,68.69493866,15.41617966
NOR,Norway,68.79833221,16.54165077
NOR,Norway,68.91520691,15.07161045
RUS,Russian Federation,68.97917175,33.09251022
RUS,Russian Federation,69.06043243,33.29523087
RUS,Russian Federation,69.06889343,33.41622162
RUS,Russian Federation,69.35350037,88.20269775
RUS,Russian Federation,69.40545654,32.44251251
RUS,Russian Federation,69.41284943,30.22197914
NOR,Norway,69.47187042,25.51122093
RUS,Russian Federation,69.4865036,88.39720154
NOR,Norway,69.64890289,18.95508003
NOR,Norway,69.72705841,30.04578018
NOR,Norway,69.96887207,23.27165031
CAN,Canada,72.70137024,-77.9593277